0,12,1,240,10.561,2,0.38246,0.12821,-0.36033
0,12,2,150,8.5837,2,0.29113,0.24955,-0.14994
0,12,1,208,8.9042,2,0.56396,0.56203,-0.046621
0,12,1,311,6.2188,2,0.64814,0.59645,-0.25362
0,12,0,94,NaN,3,NaN,-0.13077,0.21111
0,12,1,278,6.3801,1,0.5773,0.51451,-0.26184
0,12,1,138,11.01,2,0.34243,0.18933,-0.28533
0,12,2,114,17.851,3,0.83435,-0.81698,-0.16932
0,12,2,122,NaN,NaN,0.58149,-0.47051,-0.34168
0,12,1,185,7.1066,2,0.34284,0.29055,-0.18199
0,12,2,98,15.826,2,1.2269,0.82151,-0.91132
0,12,1,279,28.998,4,0.28589,-0.27216,-0.087535
0,12,1,557,6.2179,2,0.73187,0.20434,-0.70276
0,12,1,240,NaN,4,1.1362,1.1283,-0.13375
0,12,1,175,5.8758,1,0.53821,-0.0023679,-0.5382
0,12,1,336,8.98,2,0.99255,0.92772,-0.35285
0,12,1,204,8.3125,2,0.69268,0.60512,-0.3371
0,12,1,160,5.1378,1,0.58264,-0.58112,-0.042038
0,12,1,172,8.2966,2,0.27049,0.061486,-0.26341
0,12,1,404,8.8868,2,0.94831,0.64684,-0.69346
0,12,1,130,NaN,NaN,0.67964,0.64191,-0.22327
0,12,1,196,6.1957,2,0.481,0.44341,-0.18641
0,12,1,353,16.831,3,0.53977,0.30912,-0.44249
0,12,1,230,12.75,3,0.89736,0.7119,-0.5463
0,12,1,457,5.5163,1,0.26621,-0.16384,-0.20982
0,12,2,203,31.322,3,0.99198,-0.25897,-0.95758
0,12,1,323,8.5935,2,0.76342,-0.31983,-0.6932
0,12,1,149,11.034,2,0.82286,0.6551,-0.49794
0,12,1,241,5.7982,1,0.63709,0.017588,-0.63684
0,12,1,139,11.611,2,1.0592,0.85378,-0.62687
0,12,1,159,13.662,3,0.69353,0.27856,-0.63513
0,12,1,255,10.604,2,0.44955,0.043427,-0.44745
0,12,1,291,4.3631,1,1.4986,-1.4203,-0.47816
0,12,1,171,8.3184,2,0.43494,0.30274,-0.31228
0,12,1,129,37.839,4,0.55058,-0.12463,-0.53629
0,12,1,347,5.478,1,0.36475,-0.36189,-0.045602
0,12,1,205,10.034,2,0.37475,0.19177,0.32196
0,12,1,224,NaN,NaN,0.63725,0.43606,-0.46469
0,12,1,146,37.34,4,0.5325,0.25193,-0.46914
0,12,1,262,NaN,4,0.72369,0.20483,-0.6941
0,14,1,NaN,6.4273,1,0.7752,0.57961,-0.51476
0,14,1,108,8.288,2,0.41059,-0.26559,-0.31312
0,14,1,178,1.9139,2,3.8643,NaN,-0.098018
0,14,2,NaN,17.623,2,1.7651,1.6986,-0.48011
0,14,1,381,5.5039,1,0.63,-0.28508,-0.56181
0,14,1,273,5.2888,1,0.75613,-0.57764,-0.48791
0,14,1,285,4.6804,1,1.2275,-1.1996,-0.25993
0,14,1,237,9.6208,2,1.6404,1.6012,-0.35627
0,14,1,161,9.3434,2,0.17171,0.094071,0.14365
0,14,1,224,6.6946,2,0.63536,-0.58025,-0.25885
0,14,1,132,5.7266,2,0.21083,-0.060605,-0.20193
0,14,1,111,6.851,1,1.1735,1.0071,-0.60242
0,14,1,135,5.8138,1,0.23344,0.025097,-0.23209
0,14,1,92,5.7583,1,0.84935,-0.09339,-0.8442
0,14,1,116,5.5604,1,0.45345,-0.16545,-0.42219
0,14,1,133,8.7297,2,0.58227,0.5504,0.19001
0,14,1,117,6.1191,1,0.7325,0.31913,-0.65933
0,14,1,142,5.2456,1,0.61996,-0.51145,-0.35038
0,14,1,60,6.1716,1,0.34079,0.33528,0.06101
0,14,1,104,6.2225,1,0.44456,0.44033,0.061191
0,14,1,95,6.9193,1,1.21,1.1283,-0.43717
0,14,2,54,15.755,2,0.6103,0.61024,0.0081795
0,14,1,110,6.5669,1,1.0197,0.76926,-0.6694
0,14,1,105,6.5445,2,0.10557,-0.095209,-0.04562
0,14,1,96,6.0761,1,0.58949,0.30666,-0.50345
0,14,1,118,5.6595,1,0.22721,-0.1339,-0.18357
0,14,2,188,14.75,2,1.1065,1.1061,0.029721
0,14,1,94,8.236,2,0.24351,0.22562,0.09162
0,14,1,68,6.8701,1,1.2053,1.1093,-0.47149
0,14,1,272,5.6666,1,0.12782,-0.060237,-0.11273
0,14,1,211,7.0744,1,1.3117,1.2228,-0.47473
0,14,2,93,16.581,3,0.18743,-0.047552,-0.1813
0,14,2,97,16.639,3,0.22384,0.20944,-0.078981
0,14,2,55,14.54,2,0.3735,0.18762,-0.32295
0,14,1,183,6.2235,2,0.4807,0.46725,-0.11291
0,14,1,75,6.3457,1,0.93881,0.593,-0.72781
0,14,1,177,6.2874,1,0.47952,0.47304,-0.078565
0,14,1,111,6.2353,1,0.80108,0.42132,-0.68134
0,14,1,137,6.165,1,0.5534,0.36477,-0.41617
0,14,1,113,5.3129,1,0.48007,-0.465,-0.11932
0,19,1,497,6.0123,1,0.13437,0.081088,-0.10715
0,19,1,202,5.4596,1,0.37572,-0.35912,0.11045
0,19,1,229,8.3234,2,0.31436,-0.079978,0.30401
0,19,1,146,18.263,3,0.57653,-0.31631,0.48201
0,19,2,474,19.682,3,0.33006,-0.3032,-0.13041
0,19,1,168,6.0029,1,0.37827,0.25773,0.27689
0,19,1,175,6.6331,1,0.8749,0.85978,-0.1619
0,19,1,367,8.6105,2,0.48632,0.38528,0.29676
0,19,1,252,7.3502,2,0.54689,-0.53386,0.11867
0,19,1,231,6.6374,1,0.80423,0.80363,0.031001
0,19,1,187,8.2106,2,0.40135,0.39691,0.059524
0,19,1,172,10.8,2,0.58527,-0.39785,0.42925
0,19,1,172,NaN,3,1.1191,-1.0374,0.41961
0,19,1,373,6.2131,1,0.48781,0.48031,0.085243
0,19,1,215,5.817,2,0.21211,-0.1903,-0.093688
0,19,1,168,6.9717,2,0.62587,0.034368,0.62493
0,19,1,196,7.0452,1,1.2982,1.1785,0.54443
0,19,1,155,6.7557,1,0.96915,0.96479,-0.091825
0,19,1,120,39.618,2,0.26993,-0.053192,0.26463
0,19,1,197,NaN,4,0.71521,0.70672,0.10987
0,19,1,269,6.1004,1,0.35381,0.33744,0.10637
0,19,1,280,11.662,2,0.83702,0.83463,-0.063212
0,19,1,216,5.7641,2,0.26115,-0.06549,0.25281
0,19,2,146,14.25,3,0.51651,-0.51059,0.077965
0,19,1,208,6.4615,2,0.35935,-0.28243,0.22218
0,19,1,260,6.5697,1,1.1558,0.73817,0.88942
0,19,1,183,9.4389,3,0.24832,0.042217,0.2447
0,19,0,NaN,5.2466,1,NaN,-0.6205,-0.59621
0,19,1,260,8.6233,3,0.25716,-0.25678,0.014067
0,19,1,176,6.2537,2,0.22518,0.17626,0.14014
0,19,1,190,4.9519,1,0.71097,-0.70898,0.053086
0,19,1,197,6.8749,2,0.46725,0.34656,0.3134
0,19,2,231,16.867,2,0.38075,0.13304,-0.35675
0,19,1,273,5.7528,2,0.5324,-0.51055,-0.15095
0,19,1,280,7.0403,1,1.4256,1.4099,0.21132
0,19,1,194,5.351,1,0.59103,-0.50443,0.30799
0,19,1,256,7.7083,3,0.5444,0.13738,-0.52678
0,19,2,97,14.078,3,0.12906,0.011778,-0.12852
0,82,1,45,6.6096,2,0.60493,0.56445,0.21755
0,82,2,276,22.304,2,4.2441,NaN,0.98241
0,82,1,146,12.077,1,4.7271,NaN,-0.45613
0,82,1,99,8.897,1,1.6143,1.6121,0.084973
0,82,1,38,5.4312,1,1.1245,-1.1236,0.0458
0,82,1,29,3.017,1,3.3899,-3.387,0.14057
0,82,1,67,5.8939,1,0.72487,0.12663,0.71372
0,82,1,99,9.3374,1,1.343,1.3232,-0.22976
0,82,2,62,22.356,4,1.6656,1.3154,-1.0218
0,82,1,78,6.1168,1,0.57725,0.32926,0.47414
0,82,2,13,5.6837,1,1.4622,1.4593,-0.092144
0,82,1,19,5.9784,1,1.6639,-1.6568,-0.15302
0,82,1,34,5.5136,1,1.2509,-1.2507,0.021881
0,82,2,31,8.9987,2,1.9168,1.8795,-0.37617
0,82,1,66,6.1992,1,0.50258,0.40146,-0.30236
0,82,NaN,NaN,NaN,NaN,NaN,NaN,NaN
0,82,1,129,4.9828,1,0.61789,-0.61786,-0.005337
0,82,2,167,1.5413,1,2.6597,2.6416,0.30949
0,82,1,19,7.0164,1,0.90465,-0.88857,0.16982
0,82,1,50,7.0402,1,0.81692,0.81486,-0.057965
0,82,1,7,6.7937,1,1.9082,-1.9005,-0.17076
0,82,1,44,5.6506,1,0.81904,-0.75867,-0.30863
0,82,1,13,6.3578,1,1.8369,-1.8325,-0.12743
0,82,1,102,6.1592,1,0.66343,0.3493,-0.56403
0,82,1,59,6.7809,1,0.91651,0.85732,-0.32402
0,82,1,61,5.9614,1,0.49723,0.08083,0.49062
0,82,1,133,5.2895,1,0.76633,-0.51399,0.5684
0,82,1,51,3.1065,2,2.7714,-2.7304,-0.47479
0,82,1,21,4.6756,1,2.4687,-2.4687,-0.009862
0,82,1,30,8.9647,2,0.71277,0.53774,-0.46784
0,82,1,54,5.8254,1,0.14461,-0.13817,-0.042685
0,82,1,1,6.544,2,1.5657,-1.5632,0.088295
0,82,2,50,5.334,1,0.299,-0.032688,-0.2972
0,82,1,72,7.5229,1,1.8304,1.7492,-0.53924
0,82,1,31,5.6224,2,0.78511,-0.77011,-0.1527
0,82,1,24,3.7273,1,2.9715,-2.9684,-0.13366
0,82,1,32,6.8606,1,0.35034,NaN,0.30762
0,82,1,117,6.9599,1,4.3687,4.0595,-1.6141
0,18,2,72,22.375,3,0.90935,0.72087,0.5543
0,18,1,148,5.8396,1,0.11586,0.062866,0.097322
0,18,2,54,10.311,2,1.2,1.1999,-0.0056197
0,18,2,25,17.163,2,3.0086,3.0007,-0.21761
0,18,1,127,8.9252,2,0.63772,0.50503,-0.3894
0,18,1,131,6.4345,1,0.76776,0.74119,-0.20021
0,18,1,123,6.3594,1,0.62854,0.59738,-0.19543
0,18,1,97,8.4079,2,0.20776,0.071826,-0.19495
0,18,1,83,13.371,3,0.051733,0.019713,0.04783
0,18,1,123,7.0094,1,1.3036,1.2549,-0.353
0,18,1,143,8.3374,2,0.28913,-0.13387,-0.25627
0,18,2,65,14.994,2,0.46348,0.462,0.03709
0,18,1,110,10.072,2,0.2204,0.20971,-0.067794
0,18,1,117,7.9273,2,0.075611,0.027147,0.070569
0,18,1,131,6.0976,1,0.32203,0.32182,0.011512
0,18,1,120,5.4897,1,0.41069,-0.23539,-0.33654
0,18,1,121,6.1685,1,0.44309,0.43189,-0.099016
0,18,2,96,15.958,3,0.068555,-0.02428,0.064111
0,18,1,95,6.3703,1,0.72255,0.6593,-0.29566
0,18,2,57,17.454,2,1.3064,1.2979,-0.14892
0,18,2,128,17.152,4,0.16635,0.15417,0.062478
0,18,2,70,17.561,2,1.2115,1.1979,-0.18095
0,18,2,37,18.404,3,0.74385,0.69482,-0.26559
0,18,1,129,6.799,1,1.1241,1.124,0.0033282
0,18,1,139,6.7629,1,1.0215,0.98859,-0.25734
0,18,1,106,5.6188,1,0.15248,-0.14663,0.04182
0,18,1,201,6.3317,1,0.67206,0.57035,-0.35548
0,18,1,135,6.4066,1,0.69194,0.68022,-0.12679
0,18,2,58,6.9288,1,1.4264,1.3234,-0.53223
0,18,1,234,5.2762,1,0.66229,NaN,0.23952
0,18,1,234,11.355,1,5.5697,5.5696,0.028416
0,18,1,115,8.8301,2,0.75144,0.74357,-0.10845
0,18,1,66,6.4458,1,0.93198,0.68473,-0.63225
0,18,1,128,NaN,2,0.18124,-0.055434,-0.17256
0,18,1,89,67.687,4,0.7031,-0.70203,0.038702
0,18,2,93,14.067,3,0.23662,0.17316,0.16126
0,18,1,172,6.0065,1,0.32415,0.2628,0.18976
0,18,1,95,7.1505,1,1.4728,1.4229,-0.37998
0,18,1,103,5.7566,1,0.1671,0.045482,-0.16079
0,26,1,340,8.0114,2,0.80442,-0.052491,-0.80271
0,26,2,168,18.765,3,1.3365,1.3168,-0.22856
0,26,1,281,6.2406,1,0.58749,0.42154,-0.4092
0,26,2,98,17.2,3,0.26036,-0.011052,-0.26012
0,26,2,135,14.352,2,0.77905,0.56527,0.5361
0,26,2,84,16.848,2,0.47069,0.14363,0.44824
0,26,1,365,6.6515,1,1.0191,0.96748,-0.32033
0,26,2,128,18.327,3,0.37871,0.11654,0.36034
0,26,2,211,13.648,2,1.1026,0.62611,0.90755
0,26,1,340,8.4553,2,1.3917,0.53596,1.2844
0,26,2,156,15.526,2,0.84002,0.12055,0.83133
0,26,2,280,25.349,3,0.69673,0.59582,0.36115
0,26,1,355,6.1532,1,0.63678,0.58612,0.24891
0,26,2,74,17.376,2,0.18165,-0.15025,-0.10208
0,26,1,300,4.5582,1,1.2727,-1.2637,-0.15097
0,26,1,127,39.95,4,3.6161,3.5413,-0.73183
0,26,1,152,6.2849,1,0.59431,0.52683,-0.27504
0,26,2,81,16.24,2,0.99404,-0.75553,0.64598
0,26,1,184,5.3777,1,0.52045,-0.37393,0.362
0,26,2,26,16.133,3,1.1189,0.89288,-0.67436
0,26,1,403,6.3236,2,0.54124,0.52282,-0.13999
0,26,1,274,5.733,1,0.58971,-0.21983,-0.54721
0,26,2,167,5.7651,2,0.4318,0.19425,0.38564
0,26,2,117,15.345,3,0.10259,-0.033785,-0.096871
0,26,1,377,5.4073,1,1.7623,-0.29551,1.7373
0,26,1,181,6.2237,1,1.3635,0.23607,1.3429
0,26,1,163,5.5139,1,1.4292,-0.31579,1.3939
0,26,1,247,6.2839,1,1.4872,0.2978,1.4571
0,26,1,149,6.0295,1,1.1398,0.15856,1.1288
0,26,1,354,6.3786,1,0.98123,0.49768,0.84566
0,26,1,NaN,5.4213,1,1.4842,-0.50964,1.394
0,26,1,581,6.4505,2,1.2612,-0.70254,1.0474
0,26,1,149,6.0721,1,0.43023,0.17277,-0.39401
0,26,1,116,4.7618,1,1.1157,-0.98526,-0.52345
0,26,2,110,13.662,3,1.3593,0.41699,1.2937
0,26,1,208,7.0869,2,0.99869,0.046453,0.99761
0,26,1,177,5.5951,1,0.38169,-0.22269,-0.31
0,26,1,265,5.6465,1,0.31952,-0.057194,-0.31436
0,26,1,153,6.2687,1,0.64605,0.43714,0.4757
0,26,1,165,6.5748,2,0.23189,-0.18088,0.14511
0,29,2,94,22.212,3,0.96605,0.50855,-0.82136
0,29,2,49,6.3929,2,0.85984,0.82553,-0.24046
0,29,1,105,14.492,3,0.10877,-0.10761,0.015867
0,29,1,101,19.819,3,0.35582,0.045975,-0.35284
0,29,1,69,27.697,4,1.148,-0.94628,-0.64999
0,29,1,67,17.207,3,0.67796,-0.65474,-0.1759
0,29,1,92,12.604,3,0.66637,-0.49898,-0.44167
0,29,1,97,10.357,2,0.95961,0.95594,0.083819
0,29,1,124,11.418,2,0.89321,0.89251,-0.035405
0,29,1,127,8.3893,2,0.11987,-0.10981,-0.048051
0,29,1,35,13.591,3,1.0989,0.76896,-0.7851
0,29,1,107,15.383,4,0.17313,-0.16995,0.03302
0,29,1,66,15.059,3,0.46452,-0.11103,-0.45105
0,29,1,79,12.281,3,0.34306,0.20951,-0.27165
0,29,1,58,15.46,3,1.2123,-0.91875,-0.79091
0,29,1,72,15.044,3,0.95945,0.94602,-0.15995
0,29,1,73,9.1309,2,0.45034,0.44912,0.033197
0,29,1,57,12.992,3,0.45109,-0.42647,-0.14698
0,29,1,32,11.228,3,0.53549,0.41075,0.34356
0,29,1,65,13.98,3,0.91669,-0.91564,0.043865
0,29,1,152,10.879,2,0.2712,0.22964,-0.14429
0,29,1,78,13.629,3,0.12767,-0.002874,-0.12763
0,29,1,125,10.394,3,0.31586,-0.28991,-0.12537
0,29,1,154,9.7175,2,0.30051,0.22484,0.19939
0,29,1,51,12.004,3,0.07672,0.011692,-0.075824
0,29,1,112,9.4554,2,0.20989,-0.20961,0.010981
0,29,1,126,9.0997,2,0.59648,-0.01157,0.59636
0,29,1,58,11.109,2,0.35244,0.34424,0.075568
0,29,1,92,10.655,2,0.37887,-0.37407,-0.06008
0,29,1,58,10.903,2,0.42949,0.35814,-0.23707
0,29,1,123,7.8568,2,0.45633,-0.43426,0.14021
0,29,1,70,16.633,3,0.65252,-0.59076,0.27712
0,29,1,66,22.868,4,0.87841,-0.86837,-0.13241
0,29,1,87,12.525,2,0.22447,-0.019908,-0.22358
0,29,1,102,27.176,4,0.33716,-0.33358,-0.048983
0,29,1,67,25.583,4,0.38339,-0.35806,0.13704
0,29,1,63,13.099,3,0.86094,-0.81974,0.26315
0,29,1,126,20.143,3,0.23373,0.22787,-0.051982
0,29,1,55,16.332,3,0.30278,-0.29938,-0.045252
0,29,1,54,11.314,2,0.021794,0.020063,-0.0085118
0,34,1,115,11.126,1,3.5577,3.5015,-0.62981
0,34,2,139,4.3304,1,2.8292,2.8119,-0.31244
0,34,1,3,6.128,1,2.5141,-2.5035,0.23078
0,34,1,54,11.771,2,1.6815,1.6733,0.16616
0,34,1,90,1.3048,1,2.2703,-2.2697,-0.049544
0,34,2,89,6.7194,1,1.1618,NaN,-0.2851
0,34,0,168,12.088,1,5.7698,5.7565,-0.39067
0,34,1,11,6.5612,1,1.7927,-1.7917,-0.059554
0,34,1,37,9.2591,2,0.66863,0.65133,0.1511
0,34,1,21,10.49,2,0.43477,NaN,-0.024931
0,34,2,114,1.4912,1,3.4837,NaN,-0.0083634
0,34,2,95,1.0736,1,4.2596,-4.2587,0.084972
0,34,NaN,NaN,NaN,NaN,NaN,NaN,NaN
0,34,NaN,NaN,NaN,NaN,NaN,NaN,NaN
0,34,NaN,NaN,NaN,NaN,NaN,NaN,NaN
0,34,1,11,6.4032,1,2.4178,-2.4177,-0.016343
0,34,NaN,NaN,NaN,NaN,NaN,NaN,NaN
0,34,2,107,1.4821,1,3.8496,-3.8461,0.16395
0,34,2,168,1.7082,1,3.1819,NaN,0.046227
0,34,NaN,NaN,NaN,NaN,NaN,NaN,NaN
0,34,NaN,NaN,NaN,NaN,NaN,NaN,NaN
0,34,NaN,NaN,NaN,NaN,NaN,NaN,NaN
0,34,NaN,NaN,NaN,NaN,NaN,NaN,NaN
0,34,1,22,6.5513,1,1.0561,-1.0475,0.13407
0,34,1,65,6.1255,1,0.50419,0.32221,0.3878
0,34,NaN,NaN,NaN,NaN,NaN,NaN,NaN
0,34,NaN,NaN,NaN,NaN,NaN,NaN,NaN
0,34,NaN,NaN,NaN,NaN,NaN,NaN,NaN
0,34,1,74,7.0871,1,1.3225,1.3061,-0.20757
0,34,1,2,5.8752,1,2.7436,-2.7424,-0.08078
0,34,NaN,NaN,NaN,NaN,NaN,NaN,NaN
0,34,2,85,1.6416,1,4.9949,-4.9947,0.049936
0,34,1,6,6.7237,1,1.9734,-1.9727,-0.050896
0,34,1,15,6.7178,1,1.3841,-1.3817,0.080838
0,61,1,548,4.7318,1,0.80066,-0.65991,-0.4534
0,61,1,228,6.2496,1,0.60643,0.4409,0.41636
0,61,1,239,6.2121,1,0.45346,0.42936,-0.14585
0,61,1,359,6.1734,1,0.2843,0.18652,0.21456
0,61,1,257,6.1283,1,0.48641,0.33016,-0.35719
0,61,1,208,5.4338,1,0.28964,-0.2679,-0.11009
0,61,1,342,5.6826,1,0.40651,0.028188,0.40553
0,61,1,452,4.767,1,0.50551,-0.45563,-0.21897
0,61,1,279,6.3103,1,0.59985,0.57409,0.1739
0,61,1,212,6.2131,1,0.54605,0.43378,0.33166
0,61,1,242,5.5274,1,0.29591,-0.28767,0.069334
0,61,1,279,5.9458,1,0.30128,0.24314,-0.17792
0,61,1,250,5.4117,1,0.33345,-0.33089,0.041218
0,61,1,180,5.3039,1,0.51728,-0.45354,-0.24877
0,61,1,195,5.4168,1,0.42757,-0.39176,-0.17129
0,61,1,156,5.6896,1,0.1452,-0.059121,-0.13262
0,61,1,144,6.3857,1,0.64315,0.62523,0.15076
0,61,1,157,5.4458,1,0.43791,-0.35141,0.2613
0,61,1,226,5.3124,1,0.42619,-0.42429,0.04019
0,61,1,179,5.2554,1,0.63771,-0.49439,-0.40281
0,61,1,225,5.1723,1,0.67314,-0.56657,-0.36347
0,61,1,189,6.1498,1,0.39464,0.34677,-0.1884
0,61,1,116,5.6728,1,0.3716,-0.11157,0.35445
0,61,1,236,5.6472,1,0.19551,-0.17488,-0.087426
0,61,1,326,5.4844,2,0.32982,-0.2475,-0.21801
0,61,1,158,5.2778,1,0.50309,-0.48125,0.14663
0,61,1,117,5.5006,1,0.35992,-0.28697,0.21723
0,61,1,222,5.7655,1,0.22948,0.023781,0.22824
0,61,1,122,5.2866,1,0.58651,-0.48019,0.33677
0,61,1,111,5.2678,1,0.59487,-0.51344,0.30042
0,61,1,227,5.919,1,0.24319,0.17119,-0.17273
0,61,1,129,6.1918,1,0.54475,0.41027,0.35838
0,61,1,116,5.2655,1,NaN,-0.46953,-0.054241
0,61,1,160,5.5185,1,0.28486,-0.24924,-0.13792
0,61,1,188,6.2239,2,0.43632,0.42969,0.075758
0,61,1,243,5.5937,1,0.23894,-0.18346,-0.15308
0,61,1,215,NaN,1,NaN,NaN,-0.18339
0,61,1,160,6.1441,1,0.41955,0.39311,0.14658
0,61,1,417,4.7805,1,0.42663,-0.4239,-0.048137
0,61,1,181,5.3337,1,0.54245,-0.41857,-0.34504
0,68,2,89,18.072,2,0.66082,0.59539,-0.28669
0,68,2,92,17.203,2,0.99487,0.93279,-0.34594
0,68,2,147,17.289,3,0.57226,-0.4241,-0.38421
0,68,2,94,17.22,2,0.64776,-0.45963,-0.45644
0,68,2,98,16.575,3,0.32988,0.13111,-0.30271
0,68,0,99,18.765,2,11.406,0.11002,0.55478
0,68,2,89,22.002,3,1.3661,0.38383,-1.3111
0,68,1,443,6.0956,1,0.31771,0.25405,-0.19077
0,68,1,371,5.755,1,NaN,-0.13255,NaN
0,68,0,81,48.518,4,8.6336,8.4854,-1.593
0,68,1,449,6.6169,2,0.62995,0.62993,-0.0053468
0,68,2,117,18.955,2,1.3532,1.2818,-0.43375
0,68,2,77,16.643,2,0.69508,-0.60243,-0.34672
0,68,1,368,12.953,2,0.81664,0.6528,-0.49067
0,68,2,112,16.181,2,1.3571,-0.96061,-0.95869
0,68,1,424,8.5328,2,0.52845,0.10851,-0.51719
0,68,1,437,5.5343,1,0.5455,-0.4711,0.27503
0,68,2,74,16.86,2,1.467,1.1477,-0.91373
0,68,1,254,6.8625,2,0.72413,0.70016,-0.18477
0,68,1,389,5.948,1,0.53549,0.38194,-0.37533
0,68,1,260,7.5369,2,0.46734,0.40036,-0.24107
0,68,0,23,33.036,3,10.182,-1.8343,-3.7938
0,68,2,64,21.841,3,0.57386,0.42729,-0.38306
0,68,NaN,NaN,NaN,NaN,NaN,NaN,NaN
0,68,1,455,41.497,2,2.52,2.5159,0.14405
0,68,2,134,19.275,3,0.88003,0.25468,-0.84237
0,68,1,298,5.9332,2,0.25466,0.25417,0.015809
0,68,2,48,21.922,4,0.045602,-0.045415,-0.0041207
0,68,1,452,4.4236,2,1.4103,-1.4088,-0.063529
0,68,2,74,14.74,2,0.28022,-0.10791,-0.25861
0,68,1,268,5.8773,1,0.19327,0.1883,-0.043566
0,68,1,256,7.9937,2,1.2687,1.2462,-0.2378
0,68,2,45,14.324,2,1.7252,1.6665,-0.44628
0,68,2,176,16.822,3,0.45061,0.17465,-0.41538
0,68,1,309,27.028,2,1.2911,-0.18868,-1.2772
0,68,2,93,11.2,2,0.57477,0.37779,-0.43316
0,68,1,269,6.5659,1,0.99784,0.80738,-0.58637
0,89,1,689,6.0703,1,0.43288,0.24649,-0.35585
0,89,1,285,6.6693,1,0.87119,0.86227,-0.12433
0,89,1,295,6.0002,1,0.37446,0.21709,-0.3051
0,89,1,302,10.396,2,1.2177,1.2101,0.13601
0,89,2,287,16.962,2,0.51513,0.39823,0.32676
0,89,1,353,6.3513,1,0.75572,0.64855,-0.38793
0,89,1,259,5.8689,1,0.35104,0.10292,-0.33561
0,89,1,254,7.1124,1,1.3058,1.3058,-0.0086785
0,89,1,275,6.5603,1,0.88102,0.87948,0.052067
0,89,1,249,7.4297,1,1.6403,1.6056,-0.33562
0,89,1,301,5.8048,1,0.060652,0.04757,0.037627
0,89,1,298,5.7006,1,0.10692,-0.059934,-0.088544
0,89,1,181,5.2088,1,0.53792,-0.53014,-0.091167
0,89,1,186,8.6474,1,2.8349,2.8334,-0.090928
0,89,1,250,6.6679,1,0.87095,0.8681,0.070388
0,89,1,356,2.6522,1,3.1376,-3.1309,0.205
0,89,1,308,5.7638,1,0.042499,0.0061318,0.042054
0,89,1,NaN,7.5069,1,1.7974,1.7954,-0.083288
0,89,1,278,5.7073,1,0.17754,-0.051302,0.16997
0,89,1,223,6.2091,1,0.39888,0.39692,-0.039552
0,89,1,260,5.8461,1,0.26543,0.14997,0.219
0,89,1,221,5.7538,1,0.066633,-0.0070751,0.066256
0,89,1,316,5.3269,1,0.5308,-0.48466,0.21644
0,89,2,78,15.734,2,0.53986,-0.43523,0.3194
0,89,1,266,6.7687,1,1.0785,1.0293,0.32232
0,89,1,244,6.1801,1,0.52328,0.45387,-0.26044
0,89,1,227,6.0112,1,0.23278,0.23113,-0.027618
0,89,1,239,5.8305,1,0.12206,0.088317,0.084249
0,89,1,427,5.8828,1,0.081226,0.066411,-0.046768
0,89,2,92,12.731,2,0.48657,0.45028,0.18438
0,89,2,293,6.6025,1,0.95965,0.95826,-0.051464
0,89,1,614,5.8348,2,0.075139,0.051112,0.055076
0,89,1,246,7.2397,1,1.4278,1.425,0.089437
0,89,1,324,5.6124,1,0.29883,-0.15863,-0.25326
0,89,1,314,6.1825,1,0.48135,0.47795,-0.057103
0,89,1,276,5.4595,1,0.35885,-0.33476,0.12928
0,89,2,104,14.639,2,0.28441,0.2131,0.18836
0,89,1,469,5.8413,1,0.18191,0.164,0.0787
0,14,2,45,19.759,3,0.42997,0.35403,-0.24401
0,14,2,67,18.122,3,0.69624,0.59456,-0.36228
0,14,1,185,6.8581,1,1.0671,1.0667,-0.030966
0,14,2,103,21.193,4,0.26641,0.22426,-0.14381
0,14,2,33,17.506,2,1.3181,1.3087,-0.15696
0,14,2,46,17.079,2,0.95165,0.90701,-0.28805
0,14,2,132,8.0234,1,1.9006,1.8819,-0.26631
0,14,2,40,19.674,3,1.204,1.1835,-0.22158
0,14,2,60,17.435,2,0.28114,0.27652,-0.050756
0,14,1,213,6.2622,1,0.64178,0.47046,0.43653
0,14,2,118,15.622,3,3.3264,3.3041,-0.385
0,14,2,245,6.3943,1,0.84258,0.84149,0.042795
0,14,1,84,8.7051,2,0.50866,-0.025867,-0.508
0,14,2,141,18.473,2,0.98591,-0.91892,-0.35722
0,14,2,49,17.604,2,1.4225,1.3043,-0.56768
0,14,1,201,7.5742,2,0.4945,NaN,-0.032075
0,14,1,167,5.1119,1,1.0204,-0.69265,0.74929
0,14,1,168,8.8592,2,0.9285,0.8174,-0.44043
0,14,2,46,20.245,3,0.98345,0.95088,-0.25101
0,14,2,213,17.679,2,0.9688,0.85974,-0.44655
0,14,1,153,6.3021,1,0.81422,0.55056,0.59986
0,14,1,170,15.749,3,0.89928,-0.58221,0.68537
0,14,2,89,19.743,3,1.0028,0.31716,-0.9513
0,14,1,199,8.7596,2,0.083017,0.024399,0.079351
0,14,1,242,7.8159,2,0.56944,-0.42442,0.37964
0,14,1,218,NaN,NaN,0.54214,NaN,-0.53361
0,14,2,58,20.471,3,0.33603,0.024825,0.33511
0,14,2,184,18.11,2,1.3986,-0.093368,-1.3955
0,14,1,79,12.057,2,0.77012,0.3016,-0.70861
0,14,1,158,12.352,1,4.8744,4.6226,1.5463
0,14,1,177,6.9659,1,1.7158,1.063,1.3469
0,14,1,192,7.0445,1,1.3548,1.3197,-0.30617
0,14,2,111,18.316,2,0.8979,0.59378,0.67353
0,14,2,62,18.645,3,0.31178,-0.025848,0.31071
0,14,2,55,15.588,2,1.1785,0.78965,-0.87481
0,14,1,129,2.7017,1,2.9879,-2.9847,-0.13752
0,14,2,40,8.7533,1,3.4563,3.4128,0.54639
0,14,NaN,NaN,NaN,NaN,NaN,NaN,NaN
0,14,2,81,16.967,3,0.56712,0.30064,0.48088
0,14,2,67,19.934,2,3.8043,3.6869,-0.93772
0,89,0,135,62.326,5,5.4689,5.4688,-0.034623
0,89,2,123,22.065,3,0.84708,-0.84632,-0.035926
0,89,1,283,6.7668,1,1.0719,1.0631,-0.13672
0,89,1,253,4.717,1,1.0506,-1.0402,-0.14735
0,89,2,119,16.656,2,0.44458,0.42713,-0.1233
0,89,1,319,6.9769,1,0.93267,0.92452,0.12304
0,89,1,290,5.5715,1,0.20589,-0.20075,0.045739
0,89,1,222,6.2525,1,0.42451,0.3879,0.17247
0,89,1,222,6.831,2,0.3017,0.10048,0.28447
0,89,1,184,7.5959,2,0.51848,-0.50563,-0.11472
0,89,1,226,6.9055,1,1.0699,1.0174,0.33123
0,89,1,209,7.2048,1,1.4884,1.3677,0.5871
0,89,1,200,9.6041,2,0.16024,0.023315,0.15853
0,89,1,157,NaN,2,0.2668,-0.26165,-0.052161
0,89,1,308,5.3966,1,0.3591,-0.32276,-0.15742
0,89,1,148,6.9716,1,1.1581,1.158,0.01845
0,89,1,196,6.7862,1,NaN,0.90182,NaN
0,89,1,167,6.9065,2,0.43738,0.41911,0.12507
0,89,2,147,16.543,3,NaN,NaN,NaN
0,89,1,186,7.4626,2,0.46269,-0.461,-0.039555
0,89,1,166,5.9372,1,0.76483,0.14623,-0.75072
0,89,1,120,12.921,2,0.67187,0.62929,-0.23539
0,89,1,272,NaN,NaN,0.50082,0.473,0.16459
0,89,1,295,6.9542,2,0.58053,0.010305,0.58043
0,89,1,286,6.3411,1,NaN,0.5341,0.43477
0,89,1,497,5.7793,1,NaN,0.20243,0.28486
0,89,1,273,10.095,3,NaN,0.24375,-0.1698
0,89,2,179,15.99,3,0.73762,-0.71025,-0.19905
0,89,1,133,56.307,4,0.31549,0.30953,0.061037
0,89,1,341,5.002,1,0.69162,-0.65681,0.21665
0,89,1,224,10.589,4,NaN,NaN,0.71513
0,89,0,117,25.364,2,16.876,2.9061,-9.1368
0,89,1,257,6.5641,1,0.78493,0.73375,0.27881
0,89,0,100,27.026,2,16.041,9.7927,-12.705
0,89,1,307,20.854,3,0.24225,-0.1513,0.18919
0,89,1,197,7.4503,1,1.8727,1.5807,1.0043
0,89,1,NaN,13.522,4,NaN,NaN,-0.027174
0,89,2,171,52.775,5,0.13937,0.12908,0.05256
0,43,1,202,6.8578,2,0.8749,0.48048,-0.73116
0,43,0,29,8.1869,2,11.171,-0.12181,-0.46626
0,43,0,324,7.7789,2,12.474,1.1829,-0.46721
0,43,0,436,5.2753,1,10.758,-0.53105,0.36907
0,43,2,117,18.933,4,0.47386,0.20995,-0.42481
0,43,2,333,18.224,2,1.1015,1.0784,-0.22472
0,43,1,17,36.729,4,2.5471,-2.48,0.58061
0,43,0,252,4.8965,1,9.4702,9.4468,-0.66646
0,43,1,343,5.6407,1,0.37153,-0.060535,0.36656
0,43,1,223,6.515,2,0.35879,-0.22679,0.27802
0,43,1,318,4.9057,1,NaN,-1.1141,0.51301
0,43,2,19,8.7627,3,0.77534,-0.47408,0.61351
0,43,2,22,10.534,3,0.74355,-0.5349,0.51647
0,43,0,605,1.0234,1,6.8242,-4.4621,0.21734
0,43,1,133,6.9711,2,0.72717,-0.70397,0.18222
0,43,1,355,NaN,3,0.38899,-0.23577,-0.30939
0,43,2,16,8.4511,3,0.77686,0.61228,0.47815
0,43,2,148,16.839,3,0.75174,0.48888,-0.57106
0,43,1,244,5.6319,1,0.21381,-0.19852,-0.079394
0,43,2,215,18.837,3,0.52158,0.28833,-0.43464
0,43,1,543,5.7108,1,0.89686,-0.50196,0.74324
0,43,1,304,7.3022,3,0.33449,-0.32402,0.083035
0,43,1,226,6.359,1,0.67581,0.67077,-0.082424
0,43,1,506,6.4277,1,0.78553,0.7771,-0.1148
0,43,1,182,5.8885,2,0.31717,0.26207,0.17865
0,43,0,210,6.0845,2,9.9384,-1.3449,0.1015
0,43,1,218,6.3069,2,0.88279,0.85085,-0.23532
0,43,2,60,21.194,4,0.61191,0.27667,0.54579
0,43,1,159,6.108,2,0.75354,-0.75229,0.043435
0,43,1,145,7.8735,3,1.1513,-0.36461,1.092
0,43,1,172,51.122,4,0.1649,0.14174,0.08428
0,43,1,463,6.1735,1,0.30226,0.23998,-0.18377
0,43,1,449,3.206,1,2.4012,-2.3517,0.48501
0,43,2,65,14.471,3,0.61658,0.1502,0.598
0,43,2,185,34.698,4,0.49647,-0.34099,-0.36085
0,43,1,365,9.7543,3,1.217,1.0071,0.68319
0,44,1,206,15.611,2,0.32754,0.32269,0.05612
0,44,1,89,12.518,2,0.46599,-0.45973,-0.076151
0,44,2,243,18.592,3,0.59336,-0.25093,-0.53769
0,44,1,306,6.8533,1,1.0969,1.0941,-0.078716
0,44,1,170,5.6608,1,0.25956,-0.17379,0.19279
0,44,1,171,11.157,2,1.4781,-1.1872,-0.88053
0,44,1,344,7.0309,1,1.2542,1.163,-0.46933
0,44,1,207,6.1488,1,0.49413,0.31675,0.37926
0,44,1,160,4.9816,1,0.82073,-0.75643,-0.31844
0,44,1,206,5.9428,2,0.1826,0.02604,0.18074
0,44,1,130,6.1007,1,0.28388,0.2768,0.062996
0,44,1,262,8.6282,2,0.80259,-0.49987,-0.62791
0,44,2,146,25.079,3,1.1216,-1.1177,-0.094086
0,44,1,217,5.8543,1,0.44937,0.19628,-0.40423
0,44,1,244,9.8053,2,0.48837,-0.12257,-0.47274
0,44,1,179,8.2299,2,0.51876,-0.51189,0.084132
0,44,1,129,6.1661,1,0.47215,0.44507,0.15761
0,44,1,145,5.8443,1,0.1414,0.010805,-0.14099
0,44,2,102,20.21,3,0.93056,-0.51544,-0.77476
0,44,1,168,4.9169,1,0.93682,-0.87187,0.34273
0,44,1,191,5.3628,1,0.69532,-0.36571,-0.59137
0,44,1,142,5.4863,1,0.28863,-0.27596,0.084595
0,44,1,199,5.2603,1,0.88822,-0.5074,-0.72902
0,44,1,242,5.0876,1,0.66433,-0.54518,-0.37963
0,44,1,175,10.576,2,0.41554,0.26589,-0.31933
0,44,1,235,5.3808,1,0.56556,-0.36181,-0.43469
0,44,1,275,5.9801,1,0.10883,0.10338,-0.034037
0,44,1,259,5.8445,1,0.25475,-0.1248,0.22209
0,44,1,183,5.8341,1,0.12891,-0.023711,0.12671
0,44,1,223,6.0086,1,0.38772,0.18406,0.34125
0,44,1,230,5.8616,1,1.018,-0.025412,-1.0177
0,44,1,215,8.8868,2,0.70432,-0.29616,-0.63903
0,44,1,194,4.9604,1,0.88032,-0.60616,-0.63838
0,44,1,121,5.3215,1,0.80746,-0.47039,0.6563
0,44,1,152,6.2249,1,0.60557,0.57342,-0.19468
0,44,1,197,9.486,3,0.58668,0.10044,-0.57802
0,44,1,276,6.5659,1,0.98427,0.96202,0.20809
0,44,1,127,6.7349,1,1.6999,0.92576,-1.4257
0,44,2,129,18.734,2,1.5222,0.8218,-1.2813
0,44,1,NaN,5.5785,1,0.18222,-0.087924,-0.1596
0,46,2,49,25.376,3,0.89933,0.8721,0.21961
0,46,1,NaN,8.6054,2,1.6045,1.3919,0.79813
0,46,2,76,20.179,3,0.48734,-0.48712,-0.014659
0,46,2,98,18.576,3,1.2897,1.2896,-0.019247
0,46,1,219,11.105,3,0.59106,-0.12442,0.57782
0,46,2,282,19.2,3,1.488,-0.11523,1.4835
0,46,1,564,8.3615,2,1.0779,0.012834,-1.0778
0,46,2,242,22.229,3,0.45074,0.40154,-0.20477
0,46,1,427,7.2472,1,1.7043,1.3325,-1.0626
0,46,1,208,10.849,2,0.66087,0.18334,-0.63493
0,46,1,331,8.6806,2,0.57938,-0.56364,-0.13413
0,46,2,52,17.519,2,2.2704,1.507,-1.6982
0,46,2,NaN,17.765,2,0.91831,0.57271,-0.71784
0,46,2,NaN,16.198,2,1.8538,0.69934,-1.7168
0,46,1,NaN,6.2852,1,2.3507,0.68092,-2.2499
0,46,2,120,17.944,3,1.4029,-0.2298,-1.3839
0,46,1,646,5.5266,1,2.0499,-0.19629,-2.0405
0,46,2,124,12.819,2,1.1484,-0.16064,NaN
0,46,2,104,15.967,2,2.6827,1.4672,-2.2459
0,46,1,275,37.436,3,1.5446,1.2292,-0.93536
0,46,2,91,18.767,4,1.2007,-0.3118,-1.1595
0,46,2,NaN,18.909,3,0.69788,0.62053,-0.31935
0,46,1,284,9.1345,2,1.343,-0.27336,-1.3149
0,46,1,567,5.9987,2,2.1931,-0.82219,-2.0331
0,46,1,279,10.636,3,1.2571,0.88973,-0.88805
0,46,1,492,7.6462,2,1.3413,-0.022465,-1.3411
0,46,1,538,7.2365,2,1.4198,0.18644,-1.4075
0,46,NaN,NaN,NaN,NaN,NaN,NaN,NaN
0,46,1,675,6.1491,1,1.4094,0.4294,-1.3424
0,46,1,588,5.9398,1,2.1185,0.090982,-2.1166
0,46,1,580,5.7081,1,1.6019,-0.25046,-1.5822
0,46,1,380,6.6368,1,1.6197,1.1341,-1.1564
0,46,2,43,19.468,3,0.90642,0.66274,-0.61836
0,46,2,114,17.799,2,3.6976,1.6622,-3.3029
0,46,2,125,26.935,4,0.57252,0.0044347,-0.5725
0,46,2,156,16.419,3,1.657,1.089,-1.249
0,46,1,263,9.473,2,0.53344,0.47183,-0.24887
0,46,1,599,8.1851,2,0.46969,0.46618,0.057297
0,46,2,182,22.332,3,0.38261,0.19097,-0.33154
0,46,1,289,8.0403,1,2.8755,2.3407,-1.6703
0,65,1,425,8.5398,3,0.62093,0.59806,-0.16697
0,65,1,263,6.0783,2,0.63283,0.14616,0.61572
0,65,1,350,10.095,3,0.36274,0.35446,0.077089
0,65,1,328,5.9689,1,0.14378,0.13783,-0.040937
0,65,1,300,6.1601,2,0.44751,0.36862,0.25374
0,65,1,181,5.8909,1,0.64837,0.076697,-0.64382
0,65,1,186,6.0145,1,0.30643,0.23262,0.19946
0,65,1,203,9.8362,3,0.40736,-0.39793,0.087143
0,65,1,217,7.1587,2,0.35584,0.3323,0.12727
0,65,1,191,6.8522,1,1.0231,1.0116,0.1529
0,65,1,219,8.9484,2,0.81973,0.65189,0.49698
0,65,1,188,5.6983,1,0.2345,-0.033648,-0.23208
0,65,1,142,11.242,2,1.0936,1.0928,0.043015
0,65,1,147,6.7716,2,0.031698,-0.012089,0.029302
0,65,1,167,9.7603,2,NaN,0.64991,0.27342
0,65,1,120,5.4708,1,0.29899,-0.28335,0.095436
0,65,1,173,6.6855,1,0.94204,0.94171,-0.024681
0,65,1,188,12.424,2,0.85679,0.85637,0.026738
0,65,1,108,5.2338,1,0.66554,-0.53587,-0.3947
0,65,1,139,5.9272,1,0.5625,0.11402,-0.55082
0,65,1,133,5.85,2,NaN,0.050019,NaN
0,65,1,226,16.128,2,0.31641,-0.043684,0.31338
0,65,1,116,8.9844,2,0.56456,0.027766,0.56387
0,65,1,124,9.4855,2,0.24592,-0.23632,-0.068066
0,65,1,177,5.8288,1,0.10313,0.076725,0.068914
0,65,1,174,9.2686,2,0.38515,0.27373,-0.27094
0,65,1,121,10.701,2,0.22547,0.18561,0.12802
0,65,1,96,6.4059,1,0.64697,0.63115,0.14218
0,65,1,223,6.9846,2,0.20856,0.04159,-0.20437
0,65,1,199,6.7471,2,0.71535,0.68389,0.20981
0,65,0,221,6.0038,1,11.519,0.23603,0.022644
0,65,1,204,6.2216,2,0.30075,0.29221,-0.071139
0,65,1,215,8.3423,3,0.45087,0.40695,-0.1941
0,65,1,241,5.4758,1,0.32867,-0.31779,-0.083858
0,65,1,146,5.6301,1,0.21208,-0.13049,-0.16718
0,65,1,144,6.178,2,0.12105,0.12083,0.0071931
0,65,0,277,10.518,2,11.505,-1.4562,-5.9827
0,65,1,187,8.589,2,0.43354,-0.28501,0.32669
0,65,1,250,7.1912,3,0.16337,-0.023096,-0.16173
0,66,2,106,17.82,3,0.82546,-0.060679,0.82322
0,66,2,258,13.571,3,0.84124,-0.67971,0.49567
0,66,1,353,5.3276,1,0.43546,-0.43214,-0.053638
0,66,1,294,4.5065,1,1.4887,-1.4396,0.3794
0,66,1,433,6.1355,1,0.46954,0.46346,0.075326
0,66,1,418,6.4565,1,0.68134,0.50125,0.46149
0,66,1,338,6.1093,2,0.60597,0.097702,0.59804
0,66,1,267,5.8937,1,0.32204,0.11046,0.30251
0,66,1,284,6.1351,2,0.42582,0.11212,0.4108
0,66,1,289,5.6616,1,0.21295,-0.18761,0.10074
0,66,1,271,5.8349,1,0.4125,0.07526,0.40558
0,66,1,252,5.0322,1,0.73411,-0.62115,0.39127
0,66,1,239,5.3866,1,0.75193,-0.35974,0.6603
0,66,2,152,16.861,2,0.42894,0.33043,-0.2735
0,66,1,238,5.7574,1,0.21359,-0.082742,0.19691
0,66,2,159,17.101,2,0.70373,-0.70255,-0.04072
0,66,1,401,5.5303,1,0.38051,-0.35699,-0.13171
0,66,1,188,6.4858,1,0.78812,0.76935,0.17101
0,66,1,262,3.7525,1,2.0797,-2.0399,0.40518
0,66,1,192,5.6013,1,0.30295,-0.19349,0.2331
0,66,1,198,6.282,1,0.5079,0.49604,-0.10912
0,66,1,312,5.946,1,0.24702,0.19902,-0.14632
0,66,2,234,14.796,2,0.2283,-0.00074337,0.2283
0,66,2,162,14.858,2,0.2765,-0.11664,0.25069
0,66,1,241,5.9972,1,0.6392,0.30539,0.56152
0,66,1,228,NaN,1,0.85193,NaN,0.36382
0,66,1,214,5.7218,1,0.194,-0.097652,-0.16763
0,66,1,289,5.9757,2,0.76017,-0.33043,0.68459
0,66,1,203,6.3915,2,0.48077,-0.47818,-0.049767
0,66,1,174,7.3465,1,1.4838,1.4759,-0.15227
0,66,1,203,6.1349,1,0.60761,0.40027,0.45713
0,66,1,537,NaN,1,0.95246,-0.70373,0.64184
0,66,1,221,5.6427,1,0.18939,-0.099709,-0.16101
0,66,1,415,6.1349,2,0.91199,0.42453,0.80715
0,66,1,315,6.1822,2,0.76463,-0.22319,0.73134
0,66,2,217,16.897,3,0.069419,0.063723,0.027537
0,66,2,52,17.104,3,0.57219,0.42625,0.38172
0,66,2,124,12.874,2,1.1336,-1.0426,0.44513
0,66,2,326,15.645,3,0.14279,-0.055359,0.13162
0,66,1,119,6.3269,3,0.087846,0.070268,0.052719
0,71,2,401,19.455,2,2.8925,NaN,-1.035
0,71,0,375,61.858,3,5.4119,5.3947,-0.43131
0,71,1,248,9.6841,2,0.31131,-0.1638,0.26473
0,71,1,248,5.9645,1,0.45309,0.18724,0.41259
0,71,1,360,16.758,4,3.0656,2.9274,-0.91033
0,71,1,271,9.5379,2,1.455,NaN,-0.55082
0,71,1,291,12.862,2,1.7687,NaN,-0.21076
0,71,2,138,66.408,4,1.8631,1.8612,0.085469
0,71,1,286,37.242,4,2.8333,2.7463,-0.69678
0,71,1,229,9.569,2,2.4185,2.3136,0.70456
0,71,1,244,14.02,2,3.1524,3.1196,-0.45362
0,71,1,225,8.3935,2,0.95166,0.72069,-0.62151
0,71,1,195,11.427,2,1.6217,1.6075,-0.21392
0,71,1,307,7.1167,2,0.38821,-0.25234,0.29501
0,71,1,373,6.2031,2,0.87107,-0.86683,-0.085911
0,71,1,316,7.0218,2,0.48437,-0.4611,0.14833
0,71,1,335,20.09,NaN,4.3485,-4.3342,-0.35274
0,71,1,515,8.2067,3,1.937,1.9309,-0.15369
0,71,1,184,5.9885,2,0.35407,-0.2201,-0.27734
0,71,1,250,4.7804,2,1.58,-1.4804,-0.55194
0,71,1,232,5.7539,1,0.58882,-0.07018,0.58462
0,71,1,324,1.7433,1,4.5182,-4.4297,-0.8896
0,71,1,254,18.134,4,4.9894,4.9889,0.069267
0,71,1,390,6.4272,1,0.45439,0.27582,-0.36109
0,71,1,348,22.108,3,1.9101,1.2986,-1.4008
0,71,2,115,NaN,NaN,1.4344,1.3363,-0.52122
0,71,1,134,12.225,NaN,0.83402,0.79121,-0.26378
0,71,1,330,6.3638,1,0.48873,0.40743,-0.26991
0,71,1,295,12.577,3,0.71155,-0.67714,-0.21859
0,71,1,336,7.8162,1,2.1167,1.8134,-1.0918
0,71,1,425,13.392,3,0.6921,-0.66502,-0.19171
0,71,2,133,20.897,NaN,0.90427,-0.8923,-0.14669
0,71,2,137,44.578,5,1.4087,1.1791,0.7707
0,71,1,535,10.081,2,1.39,1.1355,-0.80171
0,71,1,375,10.961,2,0.90753,0.80597,0.41716
0,71,1,241,4.7721,1,1.1857,-1.1788,-0.12759
0,71,1,285,NaN,2,3.6795,3.2141,-1.7912
0,71,1,225,14.26,2,1.8327,1.384,-1.2013
0,2,2,74,18.049,2,0.26384,-0.25902,-0.050229
0,2,2,168,NaN,NaN,0.17254,-0.15899,-0.067027
0,2,2,190,NaN,4,0.45764,-0.43412,-0.14483
0,2,2,93,NaN,6,0.71998,0.41126,0.59096
0,2,2,109,18.06,5,0.28626,0.28479,0.028964
0,2,2,130,26.514,4,0.48605,0.25252,0.4153
0,2,1,286,6.9847,1,1.3213,1.2918,-0.27807
0,2,1,249,5.7084,1,0.16099,-0.060343,-0.14925
0,2,1,239,32.95,3,0.46834,0.13366,0.44887
0,2,2,79,45.207,5,2.5008,2.4272,-0.60227
0,2,2,91,16.866,3,0.3978,-0.28024,0.28233
0,2,1,229,NaN,2,0.36822,0.12957,0.34467
0,2,1,263,5.1376,1,0.65513,-0.62009,-0.21139
0,2,1,318,5.7294,1,0.89687,-0.11024,-0.89007
0,2,1,130,NaN,4,0.79556,1.5482e-05,-0.79556
0,2,1,165,7.8052,2,0.4129,0.38789,0.14154
0,2,1,253,14.415,3,1.0671,-0.033324,-1.0666
0,2,2,167,66.41,5,0.33175,0.19581,0.2678
0,2,1,260,60.158,4,0.32775,0.057047,0.32275
0,2,1,264,61.68,4,1.5497,-1.1779,-1.0071
0,2,2,163,22.566,4,0.42919,-0.26453,0.33797
0,2,2,163,38.307,4,2.1761,1.6843,-1.3779
0,2,2,179,12.24,2,0.50802,0.29119,0.41629
0,2,2,163,16.902,3,0.2335,-0.084603,0.21764
0,2,2,117,16.589,3,0.71241,-0.60763,0.3719
0,2,2,113,18.32,3,1.7426,-1.6363,0.59932
0,2,2,64,16.924,3,0.54011,0.3585,0.40398
0,2,1,232,78.05,4,1.1431,-0.63151,-0.95288
0,2,1,195,42.097,4,0.47509,-0.41141,0.23759
0,2,2,90,25.37,4,0.11471,-0.092625,-0.067675
0,2,1,226,75.947,4,0.6508,-0.64901,-0.048246
0,2,2,117,13.311,2,1.0032,-0.57411,0.82273
0,2,2,253,37.944,4,0.82758,-0.54272,0.62478
0,2,2,77,15.687,2,0.81854,-0.74676,-0.33521
0,2,2,156,16.022,2,1.129,-1.0368,-0.44692
0,2,2,128,21.034,4,3.2318,-3.229,-0.13403
0,60,1,203,6.5316,1,1.047,0.71204,-0.76757
0,60,1,208,12.901,2,1.1814,0.51922,-1.0612
0,60,1,213,7.3745,1,1.915,1.53,-1.1518
0,60,1,137,6.8465,1,1.0599,1.0549,0.1025
0,60,2,228,17.686,2,0.8966,0.83654,-0.32265
0,60,2,170,15.721,3,0.61245,0.60726,0.07956
0,60,1,159,5.6468,1,0.20789,-0.13497,-0.15812
0,60,1,127,5.8787,1,0.16635,0.11812,0.11713
0,60,1,126,6.0793,1,0.71622,0.31667,-0.64242
0,60,1,188,5.6053,1,0.55827,-0.18323,-0.52734
0,60,1,142,5.4624,1,0.42188,-0.29956,0.29706
0,60,1,137,6.2613,1,1.0462,0.42028,-0.95805
0,60,1,104,5.5622,1,0.4649,-0.1561,0.43791
0,60,1,141,5.752,1,0.62602,-0.029366,-0.62533
0,60,1,116,5.9873,1,0.31185,0.2763,-0.1446
0,60,1,117,5.6356,1,0.19265,-0.11923,-0.15132
0,60,1,149,5.2972,1,0.49161,-0.46012,-0.17312
0,60,1,149,5.9774,1,0.34791,0.20905,0.2781
0,60,1,120,5.9288,1,0.99432,0.099552,-0.98933
0,60,1,182,5.9723,1,0.8008,0.14493,-0.78758
0,60,1,214,5.7426,1,1.0274,-0.14461,-1.0172
0,60,1,181,6.0365,1,0.6325,0.25234,-0.57998
0,60,1,94,5.5663,1,0.48545,-0.15475,-0.46013
0,60,1,116,6.274,1,0.5209,0.50475,-0.12872
0,60,1,144,5.816,1,0.59229,0.070474,-0.58808
0,60,1,157,NaN,1,0.62339,-0.61575,NaN
0,60,1,252,11.914,2,0.67045,0.21455,-0.6352
0,60,1,161,5.7825,1,0.82853,-0.045088,-0.8273
0,60,1,NaN,6.6226,1,1.4898,0.78532,-1.2661
0,60,1,NaN,5.9221,1,NaN,NaN,0.16471
0,60,1,142,5.7423,1,0.011974,-0.0054825,-0.010646
0,60,1,108,5.9663,1,0.26164,0.25808,-0.043047
0,60,1,118,6.5619,1,1.1522,0.78078,-0.84727
0,60,1,110,34.91,4,0.58551,0.56408,-0.15696
0,60,1,103,5.0403,1,0.66963,-0.66601,0.069604
0,60,1,108,5.62,1,0.27955,-0.13008,-0.24745
0,60,1,279,5.4225,1,0.14326,-0.037466,-0.13827
0,60,1,100,6.5368,1,1.3564,0.70451,-1.1591
0,60,1,NaN,6.7595,1,1.4179,0.9233,-1.0761
0,60,1,173,5.8147,1,1.0397,-0.0053989,-1.0397
0,38,1,331,NaN,3,0.95893,-0.9385,-0.19689
0,38,2,441,61.353,3,3.5225,0.22318,-3.5154
0,38,1,263,7.2548,2,0.12572,0.10571,0.068044
0,38,NaN,NaN,NaN,NaN,NaN,NaN,NaN
0,38,1,276,9.5263,2,0.93644,-0.68175,0.64197
0,38,1,631,35.404,3,2.0419,0.61355,-1.9475
0,38,0,600,0.93048,1,6.649,-4.6378,0.22803
0,38,1,NaN,6.246,1,0.81029,0.46152,0.66602
0,38,1,330,6.1368,1,1.1128,0.23646,1.0874
0,38,1,358,5.8968,1,0.96193,0.3118,0.90999
0,38,1,337,5.5666,1,0.57084,-0.47198,0.32109
0,38,2,239,11.675,2,0.22764,-0.088969,0.20954
0,38,NaN,NaN,NaN,NaN,NaN,NaN,NaN
0,38,1,211,5.173,1,0.72787,-0.67612,-0.26956
0,38,1,152,9.3431,3,0.67333,-0.67095,0.056445
0,38,1,201,4.8151,1,0.92533,-0.91559,0.13391
0,38,1,582,6.5057,2,0.19654,-0.19641,0.0072473
0,38,1,220,5.7179,1,0.23,-0.0088201,0.22983
0,38,2,535,63.398,3,2.3239,0.3075,-2.3034
0,38,1,250,5.6121,2,0.28025,0.042656,-0.27699
0,38,1,183,6.843,1,0.9559,0.94789,0.12356
0,38,1,448,5.5271,2,0.041592,0.040668,-0.0087156
0,38,1,129,10.388,2,0.24396,0.20762,0.1281
0,38,1,226,6.1832,2,0.38708,0.38312,-0.055284
0,38,1,145,5.511,1,0.27535,-0.27534,-0.0025864
0,38,1,649,5.3221,1,1.127,-0.79104,0.8027
0,38,1,72,11.826,2,0.97683,0.037511,0.97611
0,38,1,222,8.3541,2,0.97203,0.12581,0.96386
0,38,1,305,5.6286,2,0.33171,0.0034884,0.33169
0,38,NaN,NaN,NaN,NaN,NaN,NaN,NaN
0,38,1,197,5.4169,1,0.4651,-0.34916,0.30725
0,38,NaN,NaN,NaN,NaN,NaN,NaN,NaN
1,15,1,256,6.5762,1,0.8908,0.79696,0.39797
1,15,1,156,6.608,1,1.2021,0.75183,-0.93799
1,15,1,94,5.2085,1,0.60753,-0.55073,-0.2565
1,15,1,132,5.6626,1,1.115,-0.24162,-1.0886
1,15,1,109,5.7881,1,0.51404,-0.014114,-0.51385
1,15,1,155,6.7207,1,1.0201,0.98952,-0.24803
1,15,1,224,6.8793,1,1.4228,1.0145,-0.9976
1,15,0,61,6.6178,2,NaN,-0.9202,0.35693
1,15,1,144,6.5016,1,1.0785,0.5983,-0.89733
1,15,1,100,5.9515,1,0.85304,0.09556,-0.84767
1,15,1,162,5.4412,1,0.85728,-0.37224,-0.77224
1,15,1,211,5.5779,1,0.90653,-0.27709,-0.86314
1,15,1,125,6.1623,1,0.33895,0.33627,-0.042571
1,15,1,138,6.1717,1,1.0877,0.40667,-1.0088
1,15,1,128,4.9201,1,1.0252,-0.88464,-0.5181
1,15,1,157,5.9682,1,1.2408,0.090545,-1.2375
1,15,1,89,6.5045,1,1.1088,0.73635,-0.82904
1,15,1,385,4.8413,1,0.77257,-0.77257,0.0029926
1,15,1,229,6.1924,1,0.48461,0.42895,-0.22551
1,15,1,148,5.7844,2,0.23914,0.028779,-0.2374
1,15,1,110,4.9429,1,0.92445,-0.78682,-0.48532
1,15,1,386,6.1927,1,0.41359,0.41137,0.042761
1,15,1,96,5.6818,1,0.19094,-0.0071202,0.1908
1,15,1,258,5.8386,1,0.61745,0.2678,-0.55636
1,15,1,150,5.5917,1,1.2222,-0.33118,-1.1765
1,15,1,153,6.6918,1,1.043,0.98366,-0.34674
1,15,1,NaN,6.1612,1,1.1491,0.06968,-1.147
1,15,1,113,6.2799,1,0.69309,0.55453,-0.41578
1,15,1,106,5.1835,2,0.9493,-0.61919,-0.71956
1,15,1,89,5.2928,1,0.42468,-0.42389,0.025861
1,15,1,286,6.0127,1,0.49169,0.25486,-0.42048
1,15,1,108,6.1263,2,0.16372,0.15797,0.043001
1,15,1,99,5.3383,1,0.43621,-0.42695,-0.089399
1,15,1,214,8.5031,1,3.019,2.4774,-1.7252
1,15,1,107,8.5595,2,0.84739,0.84584,-0.051285
1,15,1,111,7.7379,1,2.1698,1.8387,-1.152
1,37,1,287,7.1679,1,1.2231,1.2118,0.16602
1,37,1,150,NaN,NaN,1.1286,0.98335,0.55388
1,37,2,83,NaN,NaN,0.74407,0.53476,0.51736
1,37,1,211,6.761,2,1.089,1.0871,0.064907
1,37,1,145,6.5044,2,0.76574,0.72279,0.25283
1,37,1,233,6.2114,2,0.55228,0.49969,-0.2352
1,37,1,205,23.124,4,0.81232,0.64086,-0.49915
1,37,1,316,6.1247,2,0.27813,0.047251,0.27409
1,37,1,170,7.6857,3,0.80834,0.64625,0.48556
1,37,1,162,5.091,1,0.74173,-0.70334,-0.23554
1,37,1,161,4.6119,1,1.6534,-1.3093,1.0096
1,37,1,103,7.053,2,0.4486,-0.27034,-0.35799
1,37,1,185,6.1735,2,0.52884,0.45561,-0.26848
1,37,1,188,6.269,2,0.73379,0.44514,-0.58335
1,37,1,429,15.377,3,1.7847,-0.70556,-1.6393
1,37,1,173,6.7454,2,1.2056,1.1759,-0.26601
1,37,1,168,6.6963,2,0.82125,0.81205,0.12262
1,37,2,137,8.8589,2,0.81614,0.49889,0.6459
1,37,1,153,NaN,NaN,0.36751,0.33815,-0.14392
1,37,1,177,15.658,3,0.38199,0.28446,0.25495
1,37,0,265,8.9631,2,NaN,0.55522,0.60475
1,37,1,227,14.733,3,0.44714,-0.18642,0.40642
1,37,1,158,22.09,3,0.4994,0.37452,0.33036
1,37,1,135,6.3951,1,0.82512,0.51212,0.64697
1,37,1,162,6.3366,2,0.68124,0.59672,0.32865
1,37,1,150,16.197,3,0.79445,0.37378,0.70103
1,37,1,192,17.023,3,0.21462,-0.18334,0.11157
1,37,1,99,6.1865,2,0.72497,0.42612,0.58652
1,37,1,155,5.8215,2,0.18504,0.096271,0.15802
1,49,1,457,12.181,4,0.74049,0.065427,0.73759
1,49,1,382,5.9079,1,0.38975,-0.0071724,0.38969
1,49,1,483,6.1759,1,0.89782,0.38864,0.80935
1,49,1,282,6.092,1,0.64189,0.31568,0.55891
1,49,1,293,8.919,2,1.2623,1.185,0.43481
1,49,1,285,6.2301,1,0.50648,0.49699,0.097547
1,49,1,254,7.1071,1,1.3172,1.3147,0.080988
1,49,1,335,6.4145,1,1.1472,0.92729,0.67539
1,49,1,444,6.5847,1,0.94706,0.77809,-0.5399
1,49,1,306,7.3884,2,1.3582,-1.357,-0.056096
1,49,1,253,7.4793,1,1.7653,1.5624,-0.82176
1,49,1,442,14.585,3,1.5538,1.3459,0.7763
1,49,1,209,5.7351,1,1.2243,-0.19818,-1.2081
1,49,1,175,10.227,3,0.46966,0.42945,0.19014
1,49,1,280,12.248,2,0.36062,-0.0121,0.36042
1,49,1,226,13.874,3,1.0436,0.67317,0.79745
1,49,2,309,17.269,2,0.87004,0.84887,-0.19076
1,49,1,215,7.4163,1,1.6926,1.6921,-0.039797
1,49,1,229,6.1602,1,0.33005,0.32166,-0.073925
1,49,1,363,6.3895,2,1.0989,0.57668,0.93545
1,49,1,290,6.3608,1,1.4614,0.49137,-1.3763
1,49,2,134,19.268,3,0.61171,0.13625,0.59635
1,49,0,155,18.594,2,5.1504,1.5351,NaN
1,49,1,283,6.7394,1,1.4961,0.97917,1.1311
1,49,1,228,6.5413,1,1.1745,0.80798,0.8524
1,49,1,439,6.4902,2,0.91158,0.83313,0.36996
1,49,1,256,7.249,1,1.7254,1.4659,0.91
1,49,1,431,5.6411,1,0.46375,-0.20741,0.41479
1,49,1,293,6.69,1,1.0609,0.88917,0.57864
1,49,1,298,6.9403,1,1.4201,1.2709,0.63349
1,49,1,514,6.1586,1,0.58428,0.24599,0.52998
1,49,1,286,6.4453,1,0.83564,0.77755,0.30611
1,49,1,209,7.375,1,1.5891,1.5556,-0.32456
1,49,1,NaN,6.1509,1,0.46783,0.43204,-0.17946
1,49,0,320,14.714,2,NaN,0.85447,0.30562
1,49,1,NaN,6.87,1,0.65966,0.65639,0.065597
1,49,1,389,9.8013,2,0.8919,0.82651,0.33523
1,49,1,169,8.6587,2,0.5813,-0.18638,0.55061
1,54,0,218,13.832,1,NaN,NaN,1.8253
1,54,2,82,25.219,3,1.2703,-0.47536,1.178
1,54,2,134,19.041,2,1.5173,-1.1336,1.0086
1,54,0,104,28.898,3,NaN,0.20682,0.49063
1,54,2,205,23.741,3,0.96796,-0.88321,0.39609
1,54,2,64,19.171,3,1.3952,-1.153,0.78567
1,54,2,157,17.209,2,1.2133,1.1192,0.46866
1,54,2,380,1.1838,1,4.8461,NaN,0.45549
1,54,2,117,22.877,3,2.0994,1.6102,1.3471
1,54,1,495,5.85,3,4.3557,NaN,1.3984
1,54,2,208,33.826,3,2.1108,1.8124,1.0821
1,54,1,282,26.314,3,1.6477,1.2924,1.022
1,54,2,133,23.979,4,0.06376,0.031106,0.055657
1,54,1,262,12.696,3,0.50525,-0.46333,-0.2015
1,54,2,47,23.701,3,2.0818,1.9535,0.71961
1,54,2,134,22.915,3,1.3008,1.154,0.60017
1,54,1,395,10.758,2,0.29074,-0.065053,0.28337
1,54,2,148,22.044,3,1.5005,1.3537,-0.64729
1,54,2,130,25.671,4,0.82102,0.68044,0.45944
1,54,1,296,13.013,2,1.9744,1.4009,1.3913
1,54,1,344,14.352,2,0.97599,0.60444,0.76629
1,54,1,249,17.377,3,0.79779,0.69521,-0.39135
1,54,2,150,29.918,3,3.2741,3.191,0.73277
1,54,2,160,33.282,4,0.45085,-0.31479,-0.32276
1,54,0,363,19.413,2,5.1198,3.7912,NaN
1,54,2,237,20.848,3,0.87378,0.44141,0.75409
1,54,1,442,16.517,2,3.1971,3.1459,-0.56955
1,54,2,178,20.176,3,1.2464,1.1802,-0.40087
1,63,1,243,17.203,2,1.5254,1.4725,-0.39805
1,63,2,37,27.61,3,0.85545,0.30024,-0.80103
1,63,2,172,20.775,3,0.88716,0.88625,0.04025
1,63,2,253,28.504,3,2.9295,-2.916,-0.2808
1,63,2,141,21.132,3,0.81146,0.77976,-0.22457
1,63,1,145,9.7374,2,0.4844,0.3453,0.33973
1,63,2,95,16.226,2,0.46451,-0.067768,0.45954
1,63,2,116,16.915,2,2.7165,2.5941,-0.80624
1,63,2,125,22.412,3,0.28871,-0.14975,-0.24684
1,63,2,83,NaN,4,1.766,1.3559,-1.1315
1,63,1,164,12.82,2,1.1709,0.61139,-0.99856
1,63,1,310,5.4187,2,0.54414,-0.52485,0.14359
1,63,1,252,7.2853,2,0.99503,-0.78465,0.6119
1,63,2,41,33.848,NaN,0.60178,0.59328,-0.10082
1,63,2,82,15.792,2,0.42864,0.42726,-0.034365
1,63,1,445,9.8399,2,0.5503,0.50298,-0.22324
1,63,1,211,9.5646,2,1.0877,0.95363,-0.52318
1,63,1,366,6.6147,1,0.83385,0.82868,-0.092646
1,63,1,295,5.2595,1,0.61819,-0.48936,-0.37774
1,63,1,234,9.2638,2,1.1171,0.56199,-0.9655
1,63,2,284,16.597,2,0.68574,0.48429,-0.48549
1,63,2,74,15.493,4,0.34966,0.33532,-0.099091
1,63,1,197,9.1654,2,0.40695,-0.29468,-0.28065
1,63,1,264,6.0582,1,0.60416,0.17048,-0.57961
1,63,1,413,7.3794,2,1.457,-1.348,0.55278
1,63,1,516,6.587,1,0.9355,0.78782,0.50448
1,63,1,271,6.2996,1,0.6043,0.49095,0.35235
1,63,1,292,6.3622,2,0.29926,0.29631,0.041966
1,63,1,187,10.159,2,0.43597,-0.32715,-0.28818
1,63,2,102,20.151,2,2.8813,2.859,0.35728
1,63,2,95,16.893,3,0.83051,0.78301,0.27686
1,63,2,98,16.907,2,1.0084,0.55673,-0.84078
1,63,2,91,19.345,3,0.031391,-0.021454,0.022915
1,63,2,127,16.274,3,0.18595,0.12321,0.13927
1,63,1,396,4.1618,1,1.3665,-1.361,-0.12224
1,63,2,75,15.493,3,1.0434,0.68538,-0.78677
1,63,1,336,5.8884,1,0.23577,-0.21934,-0.086457
1,63,2,50,31.748,4,0.57351,0.57295,-0.025309
1,63,1,232,8.3508,2,0.23827,0.1885,-0.14573
1,74,2,103,20.854,3,0.70013,0.6965,-0.071188
1,74,2,112,23.188,3,0.23141,-0.23116,0.010554
1,74,1,180,6.0151,1,0.36134,0.17373,0.31683
1,74,1,143,6.0258,1,0.52778,0.31453,0.42382
1,74,1,144,6.4393,1,0.71798,0.69421,-0.18321
1,74,1,147,6.0203,1,0.31891,0.27714,-0.15778
1,74,1,191,6.3323,1,0.61828,0.59794,-0.15729
1,74,1,131,5.5417,1,0.57261,-0.25912,0.51062
1,74,1,169,7.08,1,1.3745,1.3083,0.42143
1,74,1,209,6.7581,1,1.1309,0.91476,0.66501
1,74,1,160,6.753,1,0.97234,0.96534,0.11639
1,74,1,162,6.582,1,0.89555,0.83691,0.31872
1,74,1,151,7.203,1,1.4435,1.4285,0.20722
1,74,1,168,8.0299,2,1.0115,-0.057013,1.0098
1,74,1,158,5.9878,1,0.68435,0.10545,0.67617
1,74,1,208,6.583,1,1.1278,0.78618,0.80856
1,74,1,174,6.3001,1,0.96554,0.42702,0.86598
1,74,1,169,9.233,2,1.4144,0.99862,1.0016
1,74,1,143,7.1484,1,1.388,1.371,0.21695
1,74,1,111,7.341,2,0.66419,-0.11993,0.65327
1,74,1,176,5.517,1,0.54049,-0.3053,0.44601
1,74,1,172,6.146,1,1.6415,0.1292,1.6364
1,74,1,196,9.0613,2,2.1641,1.2413,1.7727
1,74,1,255,10.009,3,0.46036,0.072878,0.45455
1,74,1,148,5.8859,1,0.75682,0.047538,0.75532
1,74,1,143,7.126,1,1.4913,1.3481,0.63748
1,74,1,139,8.4391,2,1.0828,0.73726,0.7931
1,74,1,132,6.8028,1,1.1853,1.1128,0.40817
1,74,1,116,10.817,2,1.0988,0.43738,1.008
1,74,1,213,7.9149,1,2.1936,2.0364,0.81566
1,74,1,172,7.88,2,0.27886,0.088927,0.2643
1,74,1,158,8.1695,2,0.91424,0.76443,0.50148
1,74,1,153,7.0207,2,0.60429,-0.29146,0.52936
1,74,1,132,6.7945,1,1.123,0.95783,0.58634
1,74,1,140,7.3136,1,1.6097,1.5181,0.53519
1,74,1,165,10.714,2,0.77754,0.7597,0.1656
1,74,1,150,6.1685,1,0.6672,0.32826,0.58086
1,74,1,345,NaN,4,1.819,1.8084,0.1957
1,74,1,147,7.3555,1,1.6742,1.5881,0.53003
1,74,1,143,5.8988,1,0.1292,0.087309,-0.095232
1,81,0,124,24.239,3,5.2624,NaN,-0.3889
1,81,2,97,19.988,2,1.5493,1.4699,-0.48968
1,81,1,286,6.854,2,0.59136,-0.58851,-0.057947
1,81,1,174,9.9924,2,0.88492,0.79216,-0.39441
1,81,1,233,13.128,2,2.9368,2.9324,-0.15949
1,81,1,221,8.2412,1,2.4736,2.4593,-0.26597
1,81,2,234,23.401,3,1.1275,1.0945,-0.27094
1,81,1,360,6.7297,1,0.62798,0.62781,-0.014914
1,81,1,145,17.932,NaN,1.5189,-1.3775,-0.63994
1,81,1,281,10.715,2,0.44678,0.33036,-0.30078
1,81,1,201,14.257,2,1.699,1.6634,0.346
1,81,1,214,7.3852,2,1.0724,1.064,-0.13394
1,81,1,150,6.7719,1,1.1373,0.96974,-0.59423
1,81,1,231,11.312,2,1.0559,1.0158,-0.28819
1,81,1,201,8.5248,2,0.71829,0.69952,0.16315
1,81,1,464,10.951,2,0.068732,0.061832,0.030015
1,81,1,324,7.3411,2,1.4125,1.2805,-0.5961
1,81,1,143,6.936,1,1.117,1.0937,0.2269
1,81,1,104,6.1102,2,0.50492,0.33004,0.38213
1,81,1,226,6.4478,1,0.58248,0.5743,0.097273
1,81,1,173,6.9747,1,1.2765,1.2377,0.31214
1,81,1,220,6.8633,1,1.0597,0.96356,0.44113
1,81,1,203,8.4438,2,0.20631,0.12904,0.16098
1,81,1,211,5.8009,1,0.64732,-0.080561,0.64228
1,81,1,126,11.051,2,1.6864,1.6827,-0.11245
1,81,1,221,10.649,3,0.91935,0.15246,0.90662
1,81,1,138,8.3828,2,0.56648,-0.22135,0.52144
1,81,1,133,7.8595,2,0.64879,0.019687,0.64849
1,81,1,402,8.6747,3,0.7376,-0.23975,0.69755
1,81,1,227,6.3345,1,0.5203,0.51763,0.052642
1,81,1,142,11.83,2,0.63223,0.42352,0.46941
1,81,1,138,8.1559,2,0.78422,-0.044802,0.78294
1,81,1,183,7.1588,1,1.4332,1.4039,-0.288
1,81,1,125,6.8184,1,0.99657,0.9918,-0.09744
1,81,1,151,8.3459,2,0.34657,-0.1718,0.30099
1,81,1,171,7.5889,2,0.39074,-0.077611,0.38295
1,81,1,105,9.7414,2,1.3782,1.3667,-0.17775
1,81,1,157,6.4389,1,0.75855,0.73235,0.19767
1,81,1,160,8.0109,2,0.54756,-0.54553,0.047117
1,81,1,155,8.9862,2,0.48623,0.48574,0.021962
1,8,2,137,NaN,4,2.3169,-1.9962,1.1762
1,8,0,333,20.446,3,NaN,1.1558,NaN
1,8,1,248,10.674,2,0.88581,0.79376,-0.3932
1,8,2,90,27.613,3,3.2896,0.33236,NaN
1,8,2,75,17.233,2,1.138,0.46926,1.0367
1,8,1,204,23.602,4,0.36079,-0.16768,0.31946
1,8,1,169,14.254,3,0.68468,0.2549,-0.63547
1,8,2,154,17.592,3,0.71891,0.19825,0.69103
1,8,2,138,28.855,4,0.39252,-0.30464,0.24752
1,8,1,192,10.378,3,1.057,-0.52507,0.91739
1,8,1,273,8.7415,2,1.0707,0.16323,1.0582
1,8,1,203,16.74,3,0.65964,-0.052518,-0.65755
1,8,2,71,33.753,4,0.10596,-0.023289,-0.10337
1,8,2,143,17.207,2,2.1913,0.62875,-2.0992
1,8,2,44,6.6244,1,1.5006,1.484,-0.22277
1,8,1,119,10.962,2,0.7519,0.6775,0.32612
1,8,2,193,20.938,3,0.63737,-0.60162,-0.21045
1,8,2,179,16.137,2,1.5946,1.4078,0.74899
1,8,2,247,7.5933,1,2.1773,2.1486,-0.35245
1,8,2,107,24.195,3,1.1203,-0.41984,-1.0386
1,8,2,92,28.603,4,1.7042,1.4639,-0.87258
1,8,2,142,19.532,2,3.8884,NaN,-0.10702
1,8,1,250,5.6488,1,0.42341,-0.099791,-0.41148
1,8,2,58,19.105,3,0.34153,-0.27154,0.20715
1,8,2,130,22.123,3,1.425,0.86118,-1.1353
1,8,2,70,29.298,3,1.3637,0.11984,-1.3584
1,8,2,56,17.213,2,1.3346,1.3024,-0.2916
1,8,1,177,16.274,4,0.66043,-0.66038,0.0083608
1,8,2,208,18.209,2,3.4861,NaN,0.073048
1,8,2,92,29.181,3,2.7318,1.1821,-2.4628
1,8,2,183,19.976,3,1.0499,-0.95909,-0.42716
1,8,2,171,17.284,2,2.8606,-2.8539,-0.19531
1,8,1,96,18.235,3,1.3478,1.2624,-0.47222
1,8,2,49,29.242,3,0.9291,0.039311,-0.92827
1,8,2,119,20.316,3,0.4892,0.48261,0.080026
1,8,2,27,26.38,3,2.2418,1.5535,-1.6163
1,8,1,206,6.0794,1,0.39853,0.31943,-0.23831
1,28,NaN,NaN,NaN,NaN,NaN,NaN,NaN
1,28,2,133,24.144,2,4.6968,NaN,-0.037927
1,28,1,279,10.791,1,4.9688,NaN,0.69562
1,28,0,95,11.632,1,5.2672,5.2666,-0.080104
1,28,1,144,10.858,1,2.8148,NaN,-0.19687
1,28,1,94,14.905,2,3.941,3.9407,-0.044176
1,28,1,125,5.7381,1,0.11576,0.052365,0.10324
1,28,2,11,21.984,3,0.48173,-0.40628,-0.25885
1,28,1,74,6.5086,1,0.80681,0.75625,0.28113
1,28,1,129,5.1114,1,0.66604,-0.63826,0.19034
1,28,1,12,11.056,1,1.139,NaN,-0.22994
1,28,2,62,0.53869,1,4.9586,-4.9489,0.311
1,28,2,2,17.317,2,2.8849,2.8769,-0.21489
1,28,1,146,3.444,1,2.3923,-2.3836,0.20373
1,28,1,71,5.8319,1,0.37605,0.084865,-0.36635
1,28,NaN,NaN,NaN,NaN,NaN,NaN,NaN
1,28,NaN,NaN,NaN,NaN,NaN,NaN,NaN
1,28,2,414,2.0314,1,2.0086,2.0066,0.088855
1,28,1,21,12.101,1,2.9168,2.8672,-0.53549
1,28,NaN,NaN,NaN,NaN,NaN,NaN,NaN
1,28,2,17,19.327,3,1.2839,1.2743,-0.15694
1,28,1,67,4.9378,1,0.78752,-0.78737,0.015266
1,28,1,131,5.9908,1,0.20655,0.20617,-0.012614
1,28,2,21,7.763,2,0.93245,NaN,-0.24678
1,28,NaN,NaN,NaN,NaN,NaN,NaN,NaN
1,28,1,118,4.3103,1,1.4815,-1.4293,0.38969
1,28,2,29,15.34,2,0.52798,0.51329,-0.12369
1,28,1,76,4.6364,1,1.1894,-1.1095,0.42858
1,28,NaN,NaN,NaN,NaN,NaN,NaN,NaN
1,28,1,128,10.354,1,4.3299,4.2957,-0.54254
1,28,1,42,6.0916,1,0.27204,-0.24626,0.11559
1,28,1,99,10.829,1,3.2987,3.2548,-0.53634
1,28,2,86,15.716,2,0.61851,0.47614,-0.39478
1,28,2,58,15.133,2,0.47663,0.45162,-0.15238
1,28,1,88,5.769,1,0.13151,0.055114,-0.11941
1,28,2,5,16.874,2,2.4386,2.4196,-0.30358
1,28,NaN,NaN,NaN,NaN,NaN,NaN,NaN
1,28,2,3,16.744,2,2.8131,2.7059,-0.76923
1,28,1,415,10.304,1,2.1363,-1.665,-1.3385
1,90,2,184,17.738,2,0.1945,-0.17628,-0.082194
1,90,2,312,16.965,3,0.84161,0.79855,-0.26574
1,90,1,301,5.5155,1,0.92604,-0.46425,0.80126
1,90,1,191,2.8869,1,2.8718,-2.864,-0.21098
1,90,1,285,6.214,2,0.70294,-0.63694,0.29737
1,90,1,279,6.7364,1,1.0514,0.9882,0.35892
1,90,1,195,7.583,1,1.791,1.7814,-0.18551
1,90,1,200,6.4291,1,0.80228,0.50647,-0.62221
1,90,1,210,9.5555,2,1.0881,1.0738,-0.17631
1,90,1,215,6.3994,1,0.73253,0.6153,-0.39749
1,90,1,136,5.335,1,0.54434,-0.45593,-0.29738
1,90,1,159,6.7688,1,1.065,1.065,0.0091092
1,90,1,151,6.5996,1,0.96114,0.78937,-0.54836
1,90,1,170,6.1197,2,0.40161,0.40102,0.021911
1,90,1,295,5.7406,1,0.84795,0.054096,-0.84622
1,90,1,299,5.9343,1,0.90774,0.14009,-0.89686
1,90,1,140,6.3263,1,0.93789,0.46942,-0.81196
1,90,1,129,6.5686,2,0.52883,-0.1557,-0.50539
1,90,1,123,5.5893,1,0.2173,-0.13301,-0.17183
1,90,1,159,5.8277,1,0.41429,-0.011842,0.41412
1,90,1,153,10.78,2,0.99273,0.98113,0.1513
1,90,1,138,9.2331,2,1.3123,0.65282,-1.1384
1,90,1,149,4.9312,1,0.81187,-0.80765,-0.082632
1,90,1,167,6.2307,1,0.63368,0.43478,0.461
1,90,1,137,6.6298,1,0.94981,0.87377,0.37238
1,90,1,182,5.8229,1,0.23376,-0.01921,0.23297
1,90,2,156,19.079,3,1.6754,1.5017,-0.74294
1,90,1,129,6.3333,2,0.55102,0.35141,-0.42442
1,90,1,82,5.1428,1,1.2762,-0.68639,-1.0758
1,90,1,136,7.7916,2,0.41719,-0.17649,-0.37801
1,90,1,120,6.1387,1,0.33083,0.32307,0.071218
1,90,1,113,5.6594,1,0.13788,-0.1097,-0.083514
1,90,1,109,5.2251,1,0.99994,-0.59107,-0.80655
1,90,1,NaN,6.7174,1,0.97317,0.95263,0.19891
1,90,1,90,5.1915,1,0.79442,-0.56971,0.55365
1,90,1,126,14.609,3,1.1986,1.0133,-0.64035
1,90,1,114,7.5784,1,1.8205,1.8194,0.064332
1,90,1,125,5.0497,1,0.79802,-0.77167,0.20339
1,90,1,92,8.4061,2,0.58457,0.57758,-0.090075
1,90,1,126,5.6979,1,0.55534,-0.081732,0.54929
1,13,1,809,6.1688,1,0.39347,0.36646,-0.14327
1,13,1,411,4.6614,1,1.1423,-1.1419,-0.028872
1,13,2,461,21.515,3,1.0586,0.85132,0.62923
1,13,2,327,16.832,2,0.68762,-0.5425,0.42251
1,13,1,202,6.4265,1,0.62184,0.61749,-0.07348
1,13,1,298,6.7904,1,1.0915,1.0856,-0.1141
1,13,1,370,7.7986,2,0.53721,0.34352,0.41302
1,13,2,353,19.271,3,0.3817,-0.058167,0.37724
1,13,NaN,NaN,NaN,NaN,NaN,NaN,NaN
1,13,2,222,19.597,3,0.88901,0.79821,0.39142
1,13,1,358,6.6683,2,0.21479,0.088618,-0.19565
1,13,1,291,6.6439,2,0.35396,0.35392,-0.0052141
1,13,1,280,6.3867,1,1.0777,0.79973,0.72241
1,13,1,260,8.7208,4,0.36264,-0.33819,-0.13092
1,13,1,298,6.6521,2,0.5935,0.58711,-0.0869
1,13,1,143,2.696,2,2.4636,-2.4625,0.072554
1,13,1,NaN,5.9322,1,0.11294,0.027368,-0.10958
1,13,2,299,15.611,3,0.20264,-0.059057,0.19385
1,13,2,262,16.635,4,0.66077,0.4297,0.50196
1,13,1,239,6.3502,1,0.84194,0.65799,0.52528
1,13,1,332,9.547,2,0.31997,0.097096,-0.30488
1,13,2,311,17.977,2,1.1455,1.0356,0.48968
1,13,1,207,4.5676,2,0.97133,-0.9474,-0.21428
1,13,1,252,7.8414,3,0.45131,0.44478,0.076492
1,13,1,677,8.7676,1,3.3948,-2.3139,2.4841
1,13,2,249,17.298,3,0.2581,0.24843,0.069984
1,13,1,189,10.784,2,1.1282,1.1002,-0.24956
1,13,1,276,6.2952,2,0.26558,0.26205,0.043113
1,13,2,177,NaN,2,NaN,NaN,NaN
1,13,1,277,7.6044,1,2.0622,2.0586,0.122
1,13,1,NaN,6.5245,1,0.69007,0.61401,0.31494
1,13,2,38,10.407,4,0.82883,-0.69632,0.44956
1,13,1,11,8.1479,3,0.61946,0.338,0.51912
1,13,2,134,15.236,3,0.50042,0.50034,0.0090022
1,13,2,67,16.185,4,0.42013,NaN,0.017354
1,13,1,453,5.8515,3,0.74601,-0.034593,0.74521
1,13,0,205,48.26,2,20.37,7.78,18.826
1,13,1,533,6.6899,2,0.56569,0.026691,0.56506
1,58,1,777,5.7116,1,0.62976,0.61752,-0.12353
1,58,2,168,20.049,3,0.08503,-0.081429,-0.024483
1,58,2,103,16.69,2,0.018647,0.016711,0.0082742
1,58,1,113,6.4912,1,0.7367,0.71754,0.16692
1,58,0,204,11.271,1,5.4142,5.414,0.049122
1,58,1,97,5.3901,2,0.53587,-0.34794,-0.40755
1,58,2,78,12.608,3,0.13524,-0.12854,-0.04203
1,58,1,200,5.3059,1,0.47132,-0.45188,-0.13399
1,58,1,153,5.9508,1,0.63747,0.10889,-0.6281
1,58,1,163,6.322,1,0.60114,0.59157,-0.10684
1,58,1,135,5.8518,2,0.25171,0.090047,-0.23505
1,58,1,124,8.5027,2,0.312,-0.26611,-0.16288
1,58,2,64,14.921,3,0.42399,-0.42169,-0.044026
1,58,1,122,6.0276,1,0.29362,0.27065,-0.11385
1,58,1,231,6.1378,2,0.24718,0.23117,0.087496
1,58,1,313,6.1458,2,0.14329,0.14294,0.0099139
1,58,1,124,6.4045,2,0.27039,0.26018,0.073594
1,58,2,235,19.331,3,0.78527,0.14571,-0.77163
1,58,1,133,5.1796,2,0.66756,-0.52374,-0.41391
1,58,1,154,6.1529,1,0.36756,0.36563,0.037688
1,58,1,115,6.3366,1,0.53828,0.5373,-0.032456
1,58,1,148,5.9129,1,0.16247,0.13136,-0.095612
1,58,2,117,16.565,2,0.20395,0.20074,-0.036021
1,58,1,72,6.4906,1,0.73058,0.72881,-0.050838
1,58,1,214,6.5033,2,0.47802,-0.41849,-0.23102
1,58,1,180,5.7794,1,0.40752,0.014742,-0.40726
1,58,1,127,6.2895,1,0.64718,0.51413,-0.39309
1,58,1,142,6.1856,1,0.44731,0.40578,-0.18824
1,58,1,114,34.25,3,0.6515,0.55813,-0.33606
1,58,1,262,6.6838,2,0.3949,-0.39055,0.058484
1,58,1,175,NaN,1,0.20412,-0.0089575,-0.20392
1,58,1,118,7.9553,3,1.1626,0.59719,-0.99749
1,58,1,91,5.6916,1,0.37801,-0.047822,-0.37497
1,58,1,86,5.5594,1,0.25432,-0.16711,0.19171
1,58,1,187,7.7401,2,0.3839,-0.26272,-0.27992
1,58,1,167,6.6159,1,1.13,0.85446,-0.73943
1,58,1,138,6.145,1,0.43068,0.34323,0.26015
1,58,1,108,5.8181,1,0.041247,0.040926,0.0051326
1,58,1,175,46.644,4,0.084309,0.03799,0.075264
1,58,1,137,8.4904,2,0.46491,-0.089608,-0.45619
1,77,1,172,6.1804,1,0.57964,0.36617,-0.44933
1,77,1,148,7.5439,2,0.24742,0.088472,-0.23107
1,77,1,183,6.3347,1,0.39967,0.39956,0.0092822
1,77,1,280,5.9523,1,0.066641,0.046308,0.047923
1,77,1,180,6.0471,1,0.38601,0.29354,0.25067
1,77,1,175,5.4161,1,0.41823,-0.41709,-0.030795
1,77,1,172,5.0113,1,0.80394,-0.80226,0.051883
1,77,1,192,5.438,1,0.49149,-0.35858,0.33613
1,77,1,154,6.1328,1,0.50923,0.40755,0.30531
1,77,1,177,5.9973,2,0.38108,0.30688,0.22593
1,77,1,526,4.9455,1,0.7806,-0.77843,0.058119
1,77,1,176,5.5477,1,0.2245,-0.14914,0.16781
1,77,1,122,5.9561,1,0.30069,0.16238,-0.25308
1,77,1,131,5.5067,1,0.3832,-0.30076,0.23746
1,77,1,129,7.5955,2,0.2685,0.23772,-0.12484
1,77,1,188,5.5372,1,0.24441,-0.22631,-0.092311
1,77,1,139,8.0182,2,0.28328,0.27615,0.063115
1,77,1,120,6.3732,1,0.63093,0.6098,-0.16193
1,77,1,146,6.8326,2,0.27444,-0.18168,0.20569
1,77,1,120,5.5697,1,0.19376,-0.18978,0.039056
1,77,1,146,6.1747,1,0.41237,0.35657,-0.20713
1,77,1,133,6.1771,1,0.4027,0.36354,-0.17321
1,77,1,133,7.7976,2,0.72547,0.67542,-0.26477
1,77,1,146,6.0805,2,0.46517,0.45644,0.089709
1,77,1,421,5.8051,2,0.2976,0.18773,-0.23092
1,77,1,207,7.0501,1,1.3183,1.1339,-0.67238
1,77,1,176,7.6458,2,0.30759,-0.29469,-0.088152
1,77,1,135,6.4322,1,0.68072,0.68053,-0.016026
1,77,1,101,6.7166,1,0.92256,0.91609,-0.10902
1,77,1,112,5.8889,1,0.29494,0.10263,0.27651
1,77,1,115,6.5844,1,0.79585,0.79581,-0.0084919
1,77,1,211,5.6593,1,0.20067,0.013051,0.20024
1,77,1,NaN,6.665,1,0.90319,0.88307,0.18957
1,77,1,129,6.1704,1,0.40822,0.40814,-0.0080105
1,77,1,155,6.1173,1,0.39023,0.34988,-0.1728
1,77,1,149,6.3546,1,0.66969,0.60926,-0.27801
1,77,1,117,6.4518,1,0.71187,0.69837,-0.13798
1,77,1,263,6.517,2,0.66029,0.60961,0.2537
1,77,1,158,8.1365,2,0.59493,0.4493,-0.38996
1,77,1,133,6.6038,1,0.9052,0.80642,-0.41118
1,96,1,598,6.3356,1,0.92141,0.56023,-0.73154
1,96,2,251,15.551,2,0.74939,-0.50844,0.55052
1,96,1,230,8.6072,2,0.75523,-0.10316,0.74815
1,96,1,262,6.0314,1,0.21159,0.12894,0.16776
1,96,1,146,6.2356,1,0.62988,0.43295,-0.45749
1,96,1,306,6.1173,1,0.36967,0.34267,0.13868
1,96,1,364,6.5444,1,0.77379,0.74059,-0.22425
1,96,2,105,16.584,2,1.054,0.94573,0.46541
1,96,1,176,6.2669,1,0.49856,0.43505,-0.24349
1,96,1,157,6.5176,1,0.61256,0.58503,0.18159
1,96,1,332,6.2416,1,0.48923,0.4888,0.0205
1,96,1,196,7.9217,2,0.28151,-0.0191,0.28086
1,96,1,338,6.5773,1,0.85981,0.8197,0.25955
1,96,1,143,7.347,1,1.5144,1.4926,-0.25623
1,96,1,191,5.7534,1,0.055585,-0.025482,-0.0494
1,96,1,240,6.5846,1,0.7057,0.66956,-0.22293
1,96,1,174,6.1783,1,0.59399,0.37212,-0.46297
1,96,1,400,6.998,1,1.3561,1.1967,0.63787
1,96,1,341,7.0849,2,0.23531,-0.0068137,0.23521
1,96,1,328,7.2752,1,1.4921,1.4453,-0.37071
1,96,1,179,6.3895,1,1.1182,0.78022,-0.80108
1,96,1,317,6.0852,1,0.31129,0.30729,-0.049795
1,96,1,206,6.544,1,0.77673,0.6728,0.38814
1,96,1,226,5.8468,1,0.68942,0.093432,-0.68306
1,96,1,143,7.4173,1,2.042,1.5286,-1.354
1,96,1,179,8.5612,3,0.41904,0.10087,-0.40672
1,96,1,139,6.9351,1,1.1565,1.1099,0.32512
1,96,1,261,6.4961,1,0.81706,0.65587,0.48727
1,96,1,242,6.1393,1,0.44029,0.20829,0.3879
1,96,1,136,6.9893,1,1.271,1.1387,-0.5646
1,96,1,136,6.4366,1,1.2524,0.6073,-1.0953
1,96,1,214,5.9332,1,0.58656,0.26302,0.52429
1,96,1,234,7.2465,1,2.2385,NaN,-1.8872
1,96,1,337,6.5214,1,1.3496,0.83075,-1.0637
1,96,1,170,7.8775,2,0.31044,0.15596,-0.26842
1,96,1,165,5.7226,1,0.7737,-0.19713,-0.74817
1,96,1,146,6.0366,1,0.87578,0.23244,-0.84437
1,96,1,134,6.8808,1,1.5126,1.0601,-1.079
1,96,1,190,7.0794,1,1.3994,1.1485,-0.79966
1,96,2,224,18.299,3,0.58194,0.21845,-0.53939
1,6,1,319,1.3831,1,4.1241,-4.1233,-0.08449
1,6,1,276,5.9806,1,0.34381,NaN,0.30052
1,6,1,295,4.1311,1,1.6222,-1.5827,0.3561
1,6,2,84,19.615,4,0.41986,0.12131,0.40195
1,6,2,217,11.235,2,1.1484,1.1452,0.086438
1,6,2,216,19.604,2,0.39861,-0.37598,0.1324
1,6,1,264,6.4229,1,0.60318,0.59929,-0.068442
1,6,2,138,15.433,2,2.4619,2.4027,-0.53683
1,6,1,219,6.1857,2,0.13913,0.12349,-0.064086
1,6,0,321,14.245,2,5.3742,5.3704,-0.20155
1,6,1,299,6.0076,1,0.49058,0.26761,-0.41116
1,6,1,294,6.5809,1,0.82173,0.82157,-0.01624
1,6,1,447,6.8807,1,1.0893,1.0667,-0.22085
1,6,1,187,6.7996,2,NaN,-0.7672,-0.1411
1,6,1,163,6.3337,2,0.50775,0.5061,0.040994
1,6,1,238,6.1384,2,0.43107,0.35905,-0.23856
1,6,1,299,6.6852,1,1.007,1.0011,0.10922
1,6,1,163,7.5904,2,0.69777,0.66137,-0.22243
1,6,1,202,9.4652,1,3.6873,3.6873,0.015512
1,6,1,227,5.793,1,0.12608,0.096006,-0.08173
1,6,1,243,6.3105,1,0.51232,0.50999,0.048846
1,6,0,296,4.1033,1,9.6792,-1.606,0.21467
1,6,1,207,5.7841,1,0.34727,-0.046312,-0.34417
1,6,1,154,6.3611,2,0.56343,0.56338,-0.0068874
1,6,1,211,7.097,1,1.377,1.3756,0.06286
1,6,1,174,6.6273,1,0.90317,0.87432,-0.22648
1,6,1,158,5.5819,1,0.11257,-0.091932,0.064962
1,6,1,176,6.1716,1,0.44472,0.42064,0.14434
1,6,2,268,16.772,2,0.7507,-0.61385,0.43213
1,6,1,192,6.145,1,0.4466,0.37646,0.24026
1,6,1,157,6.427,3,NaN,0.23614,0.049635
1,6,1,201,6.2699,1,0.53607,0.52973,-0.082163
1,6,1,324,6.5908,1,0.81234,0.80612,-0.10038
1,6,1,NaN,6.3612,2,0.1655,-0.10829,0.12515
1,6,2,301,15.998,2,1.5844,1.4721,-0.58578
1,6,1,189,8.19,3,0.19994,-0.19276,-0.053114
1,6,2,228,20.281,3,0.1343,-0.10957,0.077666
1,6,1,177,7.0248,1,1.2393,1.2257,0.18277
1,29,0,NaN,6.1861,1,11.715,0.43213,-0.082761
1,29,2,130,16.692,2,0.43639,0.43017,-0.073436
1,29,2,183,16.519,2,0.96641,0.89889,-0.35489
1,29,1,682,6.0019,1,0.049179,0.048975,0.0044756
1,29,NaN,NaN,NaN,NaN,NaN,NaN,NaN
1,29,1,545,6.5431,1,0.66942,0.66888,-0.026811
1,29,1,409,5.971,1,0.26363,0.13735,0.22502
1,29,1,408,6.6508,1,0.86444,0.8456,-0.17952
1,29,1,388,5.2439,1,0.52286,-0.50027,0.15202
1,29,1,NaN,6.2885,1,0.63002,0.61529,0.13544
1,29,1,417,6.1632,1,0.33593,0.28723,0.1742
1,29,2,224,16.565,2,0.60561,-0.11291,-0.59499
1,29,1,348,7.4509,2,0.59912,0.57711,-0.1609
1,29,1,374,8.11,2,0.1558,0.14014,0.068067
1,29,1,484,6.1907,1,0.40716,0.40232,0.062599
1,29,1,405,6.6254,1,1.0488,1.0418,0.12061
1,29,1,356,8.3403,2,0.6878,0.11309,0.67843
1,29,1,165,5.4595,1,0.38906,-0.36192,0.14276
1,29,1,649,5.6025,1,0.13449,-0.11848,0.063644
1,29,1,264,6.4355,1,0.6196,0.59369,-0.1773
1,29,1,539,5.71,1,0.27889,-0.0065922,-0.27881
1,29,1,315,6.2772,1,0.43752,0.4246,0.10554
1,29,1,200,6.3051,1,0.64109,0.63006,-0.11843
1,29,1,287,5.9905,2,0.27784,0.27694,-0.022363
1,29,1,387,6.5167,1,0.82994,0.81808,0.13978
1,29,1,207,6.1509,2,0.38898,0.35925,-0.14913
1,29,1,216,6.0668,1,0.25807,0.22985,-0.11734
1,29,1,517,6.1628,1,0.44506,0.31338,-0.31602
1,29,1,302,5.6113,1,0.39659,-0.13019,-0.37461
1,29,1,381,6.766,3,0.5694,0.56715,-0.050542
1,29,1,459,6.5378,1,1.0205,0.92671,0.42735
1,29,1,159,6.3279,1,0.51486,0.4836,-0.1767
1,29,1,207,NaN,NaN,0.58201,0.33888,-0.47317
1,29,1,419,6.7832,1,1.1453,0.98981,0.57611
1,29,1,348,7.8052,2,0.27946,-0.24461,0.13516
1,29,1,352,NaN,NaN,0.37019,-0.20826,-0.30605
1,29,2,212,14.858,NaN,0.35652,0.34708,-0.081505
1,29,1,350,6.5282,1,0.78718,0.71007,-0.33978
1,29,2,250,8.4811,3,0.38241,0.29721,-0.24063
1,29,1,226,6.1269,2,0.55426,0.44692,0.32782
1,52,2,70,26.578,4,1.0317,0.93321,0.43988
1,52,2,96,40.027,5,1.0306,0.84126,-0.59533
1,52,1,177,17.37,NaN,0.63663,0.48406,-0.4135
1,52,1,147,12.686,NaN,1.2377,1.1921,-0.33317
1,52,2,73,36.814,7,1.0049,-0.12259,-0.99735
1,52,1,194,NaN,NaN,0.50023,-0.21444,0.45193
1,52,1,213,12.636,3,0.67413,-0.27741,0.6144
1,52,2,103,23.687,4,0.60319,-0.31042,0.51719
1,52,1,173,12.247,3,0.45465,-0.12848,0.43612
1,52,1,211,14.745,4,0.31006,-0.019839,0.30943
1,52,1,214,24.364,4,0.94055,-0.53537,0.77331
1,52,2,63,28.101,5,1.5872,0.02839,1.5869
1,52,1,165,NaN,NaN,3.4956,3.4619,-0.48439
1,52,1,228,13.193,3,0.69454,0.073754,0.69061
1,52,2,118,43.1,5,1.1767,0.5118,-1.0596
1,52,1,127,15.443,3,1.3034,1.2619,-0.32639
1,52,1,176,18.525,NaN,0.9377,-0.93292,0.094635
1,52,1,223,13.376,3,0.76866,0.55863,0.52798
1,52,1,180,NaN,NaN,0.1352,0.13472,-0.011404
1,52,1,233,14.234,3,1.0569,0.71086,-0.78215
1,52,1,181,10.833,2,0.91962,0.8884,0.23758
1,52,1,52,48.844,7,0.62185,0.61568,0.087376
1,52,1,200,NaN,NaN,0.33099,0.33012,-0.023994
1,52,1,134,16.98,3,0.99518,0.87384,-0.47621
1,52,1,213,19.304,4,0.61483,-0.42518,0.44411
1,52,2,96,NaN,NaN,0.63922,0.38951,0.50684
1,52,2,109,25.557,4,0.33154,-0.30151,-0.13788
1,52,1,135,38.261,5,0.93712,-0.8778,0.32813
1,52,1,165,14.872,NaN,1.1038,1.0586,NaN
1,52,1,259,9.8482,2,0.94214,0.77423,-0.53683
1,52,1,181,18.87,4,0.47962,-0.24339,-0.41328
1,52,1,150,49.684,5,1.6507,0.5978,-1.5386
1,52,1,168,8.7776,1,2.9396,2.9393,-0.040016
1,52,2,106,19.496,4,0.72254,-0.18346,-0.69886
1,52,2,131,39.279,5,0.87906,-0.85428,-0.20724
1,52,1,153,14.188,4,0.55292,-0.36137,0.41849
1,52,1,165,33.046,3,0.56925,0.56741,-0.045736
1,52,2,5,34.999,5,4.0756,-0.54647,4.0388
1,52,2,102,18.82,3,NaN,-0.8883,0.44863
1,85,1,385,5.3227,1,0.36757,-0.36701,-0.020345
1,85,2,97,12.229,2,0.77712,0.5472,-0.5518
1,85,1,284,7.0822,2,0.39003,0.37016,-0.12288
1,85,2,86,12.318,3,0.14366,-0.0012688,-0.14366
1,85,2,106,16.918,2,0.63209,-0.42324,-0.46948
1,85,1,273,6.1549,2,0.37933,0.26768,-0.26877
1,85,1,243,6.8126,2,0.17732,0.14089,0.10767
1,85,1,205,6.364,1,0.55735,NaN,-0.045672
1,85,0,125,5.8058,2,9.6042,NaN,0.042628
1,85,1,361,5.1642,1,0.66872,-0.63396,-0.21279
1,85,1,259,6.0188,1,0.52156,0.10369,-0.51115
1,85,1,274,6.0025,1,0.34368,0.31637,-0.13426
1,85,1,301,5.811,1,0.14733,0.057646,-0.13558
1,85,1,178,5.8301,1,NaN,0.06372,0.151
1,85,1,200,6.15,1,0.40723,0.38335,-0.13739
1,85,1,NaN,5.1604,1,0.58784,-0.58344,-0.071766
1,85,1,165,1.0637,1,4.6106,-4.6101,0.06411
1,85,0,NaN,12.894,2,5.6785,5.6771,0.12727
1,85,1,244,6.299,1,0.72165,0.60487,-0.39359
1,85,1,213,6.1581,1,0.59834,0.40855,-0.43715
1,85,1,352,5.6778,1,0.11557,-0.094302,-0.066807
1,85,1,73,21.049,3,1.4045,-1.4043,0.02261
1,85,0,78,4.8668,1,10.465,-0.81844,0.12842
1,85,2,91,13.553,2,0.44985,0.44733,-0.047556
1,85,1,676,4.8103,1,1.1917,-1.1397,0.34824
1,85,2,44,16.6,3,0.59824,0.24435,-0.54606
1,85,1,638,5.1334,1,0.48413,-0.48407,-0.0080293
1,85,1,446,5.6814,2,0.1822,-0.18219,-0.0024098
1,85,1,473,5.2276,1,0.73476,-0.3789,-0.62953
1,85,2,137,13.136,2,1.2241,-1.1774,-0.33488
1,85,1,256,5.1788,1,0.59331,-0.58332,0.10842
1,85,1,219,5.788,2,0.19755,-0.017766,-0.19675
1,85,1,159,NaN,1,NaN,-0.90491,0.33502
1,85,NaN,NaN,NaN,NaN,NaN,NaN,NaN
1,85,2,177,14.927,3,0.37899,-0.27713,-0.25852
1,85,2,136,16.755,4,0.452,0.12532,-0.43428
1,85,2,85,14.91,3,0.86519,-0.86518,0.0041738
1,85,2,108,15.35,3,0.54713,-0.32268,-0.44185
1,85,1,309,5.6747,1,0.3937,-0.097366,0.38147
1,85,2,99,15.205,3,0.646,-0.52105,-0.38186
1,87,1,234,13.264,3,0.2357,0.055104,-0.22917
1,87,1,162,9.4344,3,0.37518,0.024158,0.3744
1,87,0,226,38.017,4,NaN,NaN,-0.58942
1,87,1,293,7.0734,2,0.30474,0.28791,-0.099873
1,87,1,161,24.803,3,1.1189,-0.57908,-0.95737
1,87,1,255,10.299,2,0.90285,-0.63532,-0.64149
1,87,1,170,10.789,3,0.12144,-0.023856,0.11908
1,87,1,145,5.9743,2,0.095379,-0.047942,0.082455
1,87,1,230,7.3416,2,0.41786,0.41627,-0.036432
1,87,1,258,7.5287,2,0.23483,-0.026106,-0.23337
1,87,1,197,10.003,3,0.70304,0.68266,-0.16804
1,87,1,219,6.8817,2,0.24007,-0.23996,0.0072251
1,87,0,165,NaN,1,NaN,-4.1767,-0.46711
1,87,NaN,NaN,NaN,NaN,NaN,NaN,NaN
1,87,1,244,5.7794,1,0.51057,0.012496,-0.51042
1,87,1,224,9.4818,4,0.37253,-0.3691,0.05042
1,87,1,173,8.6795,2,0.98497,0.96856,0.17907
1,87,1,208,9.3031,3,0.48132,0.45086,0.16849
1,87,1,176,12.704,3,1.0257,-0.25948,-0.99236
1,87,1,203,10.402,2,0.94256,-0.76755,-0.54707
1,87,1,207,10.377,2,0.37626,-0.18297,-0.32877
1,87,1,194,9.0802,2,0.58455,-0.37136,0.45143
1,87,1,160,15.652,4,0.20611,0.20602,0.0060705
1,87,0,102,43.831,3,12.152,0.86434,0.35265
1,87,1,134,12.979,3,0.16436,0.098126,-0.13186
1,87,2,133,NaN,4,0.22379,-0.20511,NaN
1,87,1,101,12.825,3,0.32908,-0.021661,-0.32836
1,87,1,145,6.3266,1,0.81229,0.51312,-0.6297
1,87,1,209,6.3175,1,0.78208,0.49673,-0.60407
1,87,1,205,14.994,2,0.26328,-0.25253,-0.074457
1,87,1,185,10.428,4,0.45172,-0.41439,0.17982
1,87,1,146,11.976,3,0.18947,0.033679,-0.18646
1,87,1,154,13.712,3,0.34543,-0.31513,0.14149
1,87,1,176,20.798,3,0.38002,-0.030848,0.37877
1,87,1,284,7.314,2,0.34846,-0.30234,0.17323
1,87,1,196,6.4185,1,0.67038,0.50953,-0.43565
1,87,1,225,66.806,3,3.0625,0.27249,-3.0504
1,87,1,268,13.287,3,0.32528,0.29277,-0.14174
1,3,2,91,19.047,2,1.2548,1.2534,-0.058772
1,3,1,252,11.316,2,0.59952,0.31251,-0.51162
1,3,1,304,10.345,2,0.14657,0.14628,0.0092938
1,3,2,81,19.741,3,0.56989,0.14821,-0.55028
1,3,2,100,18.97,3,0.71957,0.69212,0.19685
1,3,1,222,7.6368,1,1.9443,1.9334,-0.20537
1,3,2,105,18.064,2,1.8947,1.6504,-0.93073
1,3,2,72,20.873,3,0.78837,0.66412,-0.42481
1,3,1,202,7.9861,1,2.1855,2.1541,-0.3694
1,3,2,88,16.004,3,0.78975,0.61419,-0.49647
1,3,2,107,17.401,2,1.6372,1.6071,0.31253
1,3,1,223,6.3474,1,0.55538,0.52289,0.18717
1,3,1,272,4.2104,1,1.5067,-1.5039,-0.090448
1,3,1,293,12.484,2,3.6191,3.6166,0.13418
1,3,2,59,18.413,4,0.59346,0.46958,-0.36289
1,3,1,250,8.5939,2,0.81557,0.80676,-0.11956
1,3,1,206,6.1584,1,0.75021,0.41045,-0.62796
1,3,1,474,7.0924,1,1.2693,NaN,0.049489
1,3,2,112,18.688,3,0.8433,0.79853,0.27112
1,3,2,47,12.909,2,0.44765,-0.18203,-0.40896
1,3,2,116,19.952,3,0.8166,0.49259,-0.6513
1,3,1,282,5.6686,1,0.71295,-0.2996,-0.64694
1,3,2,103,17.527,2,1.8417,1.8335,0.17312
1,3,1,208,5.3553,1,0.57516,-0.38419,-0.42802
1,3,1,255,4.327,1,1.3132,-1.3069,-0.1282
1,3,2,112,14.531,2,1.7333,1.7113,0.27473
1,3,2,127,18.223,3,0.81741,0.79742,-0.17969
1,3,1,311,6.8826,2,0.33974,-0.056022,-0.33509
1,3,1,263,1.2029,1,4.5181,-4.5179,0.047348
1,3,1,298,8.0943,2,NaN,-0.42092,0.021031
1,3,2,121,16.039,3,NaN,0.31655,-0.69053
1,3,2,80,17.876,3,1.0847,1.0837,0.044998
1,3,2,103,15.494,2,1.0315,-0.97889,-0.32532
1,3,1,241,5.925,1,NaN,0.069231,-0.78587
1,3,2,102,16.738,3,1.1592,1.046,-0.49964
1,3,2,131,18.261,2,0.99752,0.95784,-0.27857
1,3,2,53,16.607,2,1.4174,0.053352,-1.4164
1,3,1,228,5.2681,1,0.64202,-0.51532,-0.38293
1,3,2,93,17.524,3,1.3135,1.2652,-0.35291
1,3,2,125,16.635,2,0.19815,0.00069187,0.19815
1,30,0,58,5.0482,1,10.51,-0.77714,0.28774
1,30,0,131,6.0058,1,11.458,0.17503,-0.062009
1,30,1,315,6.3183,1,0.59277,0.59194,0.031387
1,30,1,173,5.2447,1,0.69796,-0.62061,0.31937
1,30,0,77,5.0597,1,10.624,-0.65907,0.11327
1,30,2,64,16.341,2,1.2571,1.1876,-0.41208
1,30,1,192,6.6607,1,0.82395,0.82314,-0.036654
1,30,1,180,5.53,1,0.35364,-0.2062,0.28731
1,30,2,256,20.772,3,0.1345,0.095753,0.094455
1,30,1,304,5.6615,1,0.21816,-0.15923,0.14912
1,30,1,228,5.978,1,0.28882,0.25249,0.14025
1,30,1,308,5.5449,1,0.3425,-0.18551,-0.28791
1,30,1,202,6.1464,1,0.36038,0.36037,-0.0017145
1,30,1,232,4.8112,1,0.93672,-0.91096,0.21817
1,30,1,219,5.4064,1,0.55181,-0.3583,0.41967
1,30,1,193,5.1308,1,0.77589,-0.69124,0.35239
1,30,1,301,5.3679,2,0.59467,-0.43583,0.40459
1,30,1,309,6.7485,2,0.15956,-0.023067,0.15789
1,30,1,205,5.8387,1,0.14136,0.033244,0.1374
1,30,1,208,4.777,1,0.90425,-0.88835,-0.16886
1,30,1,425,4.8963,1,0.98932,-0.89361,-0.42453
1,30,1,225,5.2136,1,0.43724,-0.39273,-0.19221
1,30,2,133,16.513,3,0.52029,-0.43861,0.27986
1,30,1,262,5.9714,1,0.29052,0.27236,-0.10111
1,30,1,140,5.1322,1,0.61016,-0.57601,0.20127
1,30,1,227,7.6845,3,0.53816,0.49052,0.22137
1,30,1,155,6.6355,1,1.2434,0.77879,0.96931
1,30,1,520,7.3213,1,1.4586,1.3127,0.6358
1,30,1,171,7.9568,2,0.89847,0.76466,0.47175
1,30,1,388,9.6969,2,0.37276,-0.13459,-0.34762
1,30,1,192,5.1571,1,0.58559,-0.52614,0.25707
1,30,2,280,25.2,3,1.6386,1.6008,0.34996
1,30,1,217,4.8553,1,0.93554,-0.92531,0.13798
1,30,1,154,4.5669,1,1.1065,-1.0962,-0.15124
1,30,1,299,6.7184,1,0.9996,0.81553,0.57803
1,30,1,232,5.937,1,0.27434,0.25156,0.10946
1,30,1,213,5.8842,1,0.29168,0.18772,-0.22325
1,30,1,257,4.6725,1,0.95966,-0.95708,0.070251
1,30,2,215,16.038,3,0.17966,0.10136,-0.14834
1,30,1,210,5.778,1,0.18115,0.094883,0.15432
1,70,1,156,6.3469,1,0.90481,0.61469,-0.66396
1,70,1,80,9.4979,3,0.59692,0.35144,0.4825
1,70,1,19,6.638,2,1.9296,NaN,0.84958
1,70,1,46,7.5135,1,1.1681,1.1505,0.20173
1,70,2,0,9.085,2,1.0346,1.0343,0.026944
1,70,2,117,0.82655,1,1.6209,1.6207,0.023934
1,70,1,35,7.5654,1,0.52935,0.52083,0.094578
1,70,NaN,NaN,NaN,NaN,NaN,NaN,NaN
1,70,1,172,5.7252,1,0.6543,-0.26986,-0.59605
1,70,1,96,5.7591,1,0.21319,0.020246,-0.21223
1,70,1,96,6.4092,2,0.87437,0.67207,-0.55933
1,70,2,51,16.147,2,1.4887,1.4734,-0.21297
1,70,1,20,6.7168,1,1.1626,-1.1619,-0.040791
1,70,1,52,6.4035,1,0.66278,0.36089,0.55591
1,70,1,179,12.535,2,4.3633,4.2675,-0.90915
1,70,1,85,8.5182,1,2.7146,2.679,-0.43812
1,70,1,31,6.3495,1,0.8617,-0.59793,-0.62049
1,70,1,5,6.7176,1,NaN,-2.1008,-0.1409
1,70,1,143,7.7755,2,0.9781,-0.13341,-0.96896
1,70,NaN,NaN,NaN,NaN,NaN,NaN,NaN
1,70,1,29,6.42,1,0.7077,-0.70311,0.080482
1,70,NaN,NaN,NaN,NaN,NaN,NaN,NaN
1,70,NaN,NaN,NaN,NaN,NaN,NaN,NaN
1,70,1,4,5.4667,1,2.8593,-2.8587,0.058718
1,70,1,18,6.1692,1,1.5887,-1.5779,-0.18483
1,70,NaN,NaN,NaN,NaN,NaN,NaN,NaN
1,70,1,4,6.1895,1,2.4453,-2.4414,0.13941
1,70,1,25,5.6264,1,1.5508,-1.5446,-0.13853
1,70,NaN,NaN,NaN,NaN,NaN,NaN,NaN
1,70,1,143,4.1828,1,1.6861,-1.6393,-0.39479
1,70,1,150,12.914,2,3.3707,3.2995,-0.68886
1,70,1,75,5.7019,1,0.29052,0.034664,0.28845
1,70,NaN,459,8.0358,1,NaN,NaN,NaN
1,70,1,9,7.834,2,2.1029,-2.097,0.15795
1,70,1,42,8.8354,2,0.46605,-0.46297,-0.053515
1,70,0,359,5.4058,1,8.9812,-2.3026,0.13359
1,70,1,221,1.5672,1,1.6009,1.5559,0.37654
1,70,0,387,5.5423,1,8.3588,-2.9254,0.1548
1,70,1,32,19.532,3,0.99648,-0.82001,0.56616
1,70,1,27,8.7365,2,1.2487,-1.2431,0.11856
