0,12,1,1,0.62213,0.62213,0,0,0
0,12,1,1,0.066483,0.066483,1,4.9271,4.9271
0,12,1,2,1.1557,0.57787,0,0,0
0,12,1,3,2.3635,0.78782,0,0,NaN
0,12,1,3,2.2338,0.7446,0,0,NaN
0,12,1,2,0.39699,0.1985,0,0,0
0,12,1,1,0.4785,0.4785,0,0,0
0,12,1,2,1.5266,0.76329,0,0,0
0,12,1,1,0.40241,0.40241,0,0,0
0,12,1,4,2.0679,0.51699,0,0,0
0,12,1,3,2.0008,0.66695,0,0,0
0,12,1,0,0,0,0,0,0
0,12,1,1,0.4756,0.4756,0,0,0
0,12,1,2,1.2423,0.62114,0,0,0
0,12,1,3,2.252,0.75066,0,0,NaN
0,12,1,1,0.82765,0.82765,0,0,0
0,12,1,2,1.9888,0.99441,0,0,NaN
0,12,1,3,1.7945,0.59815,0,0,0
0,12,1,1,0.58977,0.58977,0,0,0
0,12,1,1,0.58689,0.58689,0,0,0
0,12,1,1,0.82945,0.82945,0,0,0
0,12,1,2,1.0284,0.51422,0,0,0
0,12,1,0,0,0,0,0,0
0,12,1,1,0.80405,0.80405,0,0,0
0,12,1,1,0.48427,0.48427,0,0,0
0,12,1,1,0.63461,0.63461,0,0,0
0,12,1,3,NaN,NaN,0,0,NaN
0,12,1,1,0.34623,0.34623,0,0,0
0,14,1,0,0,0,0,0,0
0,14,1,1,0.23982,0.23982,0,0,0
0,14,1,0,0,0,0,0,0
0,14,1,0,0,0,0,0,0
0,14,1,1,1.0316,1.0316,0,0,NaN
0,14,1,1,0.5933,0.5933,0,0,0
0,14,1,0,0,0,0,0,0
0,14,1,1,0.20401,0.20401,0,0,0
0,14,1,0,0,0,0,0,0
0,14,1,0,0,0,0,0,0
0,14,1,1,0.36612,0.36612,0,0,0
0,14,1,1,0.43589,0.43589,NaN,NaN,7.0213
0,14,1,0,0,0,0,0,0
0,14,1,1,0.45054,0.45054,0,0,0
0,14,1,1,0.39122,0.39122,0,0,0
0,14,1,0,0,0,0,0,0
0,14,1,0,0,0,0,0,0
0,14,1,1,0.44565,0.44565,0,0,0
0,14,1,1,0.26264,0.26264,0,0,0
0,14,1,2,0.8949,0.44745,0,0,0
0,14,1,2,0.9755,0.48775,0,0,0
0,14,1,3,1.797,0.59902,0,0,0
0,14,1,2,2.6151,1.3076,1,3.1848,3.1848
0,14,1,0,0,0,0,0,0
0,14,1,1,0.28001,0.28001,0,0,0
0,14,1,2,0.49265,0.24633,0,0,0
0,14,1,1,0.45292,0.45292,0,0,0
0,14,1,2,1.1791,0.58954,0,0,NaN
0,14,1,1,0.24019,0.24019,0,0,0
0,14,1,0,0,0,0,0,0
0,14,1,1,0.38595,0.38595,0,0,0
0,14,1,1,0.23221,0.23221,0,0,0
0,14,1,1,0.85345,0.85345,0,0,0
0,14,1,1,0.35733,0.35733,0,0,0
0,14,1,0,0,0,0,0,0
0,14,1,0,0,0,0,0,0
0,14,1,0,0,0,0,0,0
0,14,1,0,0,0,0,0,0
0,14,1,2,0.65969,0.32985,0,0,0
0,14,1,1,0.21526,0.21526,0,0,0
0,19,1,4,1.4358,0.35895,NaN,14.978,4.9926
0,19,1,5,NaN,0.96313,2,14.407,7.2036
0,19,1,0,0,0,0,0,0
0,19,1,3,0.50086,0.16695,NaN,18.306,6.102
0,19,1,2,0.13825,0.069126,2,9.4588,4.7294
0,19,1,1,0.18666,0.18666,0,0,0
0,19,1,0,0,0,0,0,0
0,19,1,0,0,0,0,0,0
0,19,1,0,0,0,0,0,0
0,19,1,0,0,0,0,0,0
0,19,1,2,1.4587,0.72936,0,0,NaN
0,19,1,0,0,0,0,0,0
0,19,1,0,0,0,0,0,0
0,19,1,1,0.38598,0.38598,0,0,0
0,19,1,2,0.67393,0.33696,0,0,0
0,19,1,1,0.66471,0.66471,0,0,0
0,19,1,0,0,0,0,0,0
0,19,1,0,0,0,0,0,0
0,19,1,0,0,0,0,0,0
0,19,1,1,0.87883,0.87883,0,0,NaN
0,19,1,1,0.99306,0.99306,0,0,NaN
0,19,1,0,0,0,0,0,0
0,19,1,1,0.30833,0.30833,0,0,0
0,19,1,0,0,0,0,0,0
0,19,1,2,1.1626,0.58129,0,0,NaN
0,19,1,0,0,0,0,0,0
0,19,1,0,0,0,0,0,0
0,19,1,1,0.99916,0.99916,0,0,NaN
0,19,1,2,0.16009,0.080045,2,10.982,5.4908
0,19,1,1,0.30473,0.30473,0,0,0
0,19,1,2,2.7241,1.3621,0,0,NaN
0,19,1,3,2.5054,0.83515,0,0,NaN
0,19,1,0,0,0,0,0,0
0,19,1,0,0,0,0,0,0
0,19,1,0,0,0,0,0,0
0,19,1,2,0.65628,0.32814,0,0,0
0,19,1,0,0,0,0,0,0
0,19,1,2,1.1633,0.58165,0,0,0
0,19,1,2,0.88274,0.44137,0,0,0
0,19,1,0,0,0,0,0,0
0,18,1,1,0.61255,0.61255,0,0,0
0,18,1,3,2.5874,0.86246,0,0,0
0,18,1,1,0.35083,0.35083,0,0,0
0,18,1,2,1.114,0.55701,0,0,0
0,18,1,0,0,0,0,0,0
0,18,1,0,0,0,0,0,0
0,18,1,0,0,0,0,0,0
0,18,1,2,1.0618,0.53088,0,0,0
0,18,1,0,0,0,0,0,0
0,18,1,0,0,0,0,0,0
0,18,1,1,0.26857,0.26857,0,0,0
0,18,1,0,0,0,0,0,0
0,18,1,0,0,0,0,0,0
0,18,1,2,0.43142,0.21571,0,0,0
0,18,1,1,0.22705,0.22705,0,0,0
0,18,1,1,0.25273,0.25273,0,0,0
0,18,1,3,NaN,NaN,0,0,NaN
0,18,1,2,0.99881,0.49941,0,0,0
0,18,1,2,0.86833,0.43416,0,0,0
0,18,1,0,0,0,0,0,0
0,18,1,1,0.62335,0.62335,0,0,0
0,18,1,2,0.66466,0.33233,0,0,NaN
0,18,1,2,1.5348,0.76742,0,0,NaN
0,18,1,2,0.6047,0.30235,0,0,0
0,18,1,3,2.2449,0.74831,0,0,0
0,18,1,4,2.3752,0.5938,NaN,11.775,3.925
0,18,1,1,0.2028,0.2028,NaN,NaN,8.9463
0,18,1,3,0.47072,0.15691,NaN,15.008,NaN
0,18,1,3,0.59736,0.19912,2,15.921,7.9605
0,18,1,1,0.29291,0.29291,0,0,NaN
0,18,1,3,1.0016,0.33385,NaN,19.753,NaN
0,18,1,1,0.19217,0.19217,0,0,NaN
0,18,1,1,0.40869,0.40869,0,0,NaN
0,18,1,0,0,0,0,0,0
0,18,1,1,0.23389,0.23389,0,0,NaN
0,18,1,0,0,0,0,0,0
0,26,1,4,NaN,NaN,1,4.9946,4.9946
0,26,1,1,0.53571,0.53571,0,0,0
0,26,1,2,1.1497,0.57486,0,0,0
0,26,1,3,2.4021,0.80069,0,0,NaN
0,26,1,1,0.38149,0.38149,0,0,0
0,26,1,1,0.4852,0.4852,0,0,0
0,26,1,1,0.47419,0.47419,0,0,0
0,26,1,1,0.32127,0.32127,0,0,0
0,26,1,1,0.45689,0.45689,0,0,0
0,26,1,3,3.1759,1.0586,2,NaN,22.128
0,26,1,2,1.2888,0.64441,2,13.98,6.9898
0,26,1,5,2.3773,0.47546,2,NaN,23.478
0,26,1,1,0.26461,0.26461,1,NaN,23.708
0,26,1,1,0.3414,0.3414,2,NaN,21.49
0,26,1,3,2.2269,0.74229,0,0,NaN
0,26,1,4,NaN,1.3588,NaN,NaN,12.441
0,26,1,3,1.0246,0.34154,0,0,0
0,26,1,3,1.0804,0.36013,2,NaN,22.407
0,29,1,1,0.42563,0.42563,0,0,0
0,29,1,3,1.9899,0.66331,0,0,NaN
0,29,1,1,0.92953,0.92953,0,0,NaN
0,29,1,2,0.8795,0.43975,0,0,0
0,29,1,1,0.21776,0.21776,0,0,0
0,29,1,1,0.27038,0.27038,0,0,0
0,29,1,1,0.4144,0.4144,0,0,0
0,29,1,0,0,0,0,0,0
0,29,1,0,0,0,0,0,0
0,29,1,1,0.35134,0.35134,0,0,0
0,29,1,1,0.39674,0.39674,0,0,0
0,29,1,2,0.56386,0.28193,0,0,0
0,29,1,1,0.33662,0.33662,0,0,0
0,29,1,1,0.22815,0.22815,0,0,0
0,29,1,0,0,0,0,0,0
0,29,1,1,0.22403,0.22403,0,0,0
0,29,1,2,0.24405,0.12203,0,0,0
0,29,1,2,1.0446,0.52228,0,0,0
0,29,1,1,0.49522,0.49522,0,0,0
0,29,1,0,0,0,0,0,0
0,29,1,1,0.21676,0.21676,0,0,0
0,29,1,1,0.40501,0.40501,0,0,0
0,29,1,1,0.20545,0.20545,0,0,0
0,29,1,2,0.68206,0.34103,0,0,0
0,29,1,1,0.21112,0.21112,0,0,0
0,29,1,2,0.81183,0.40591,0,0,0
0,29,1,1,0.33326,0.33326,0,0,0
0,29,1,1,0.78383,0.78383,0,0,0
0,29,1,1,0.3738,0.3738,0,0,0
0,29,1,2,0.91419,0.45709,0,0,0
0,29,1,1,0.45505,0.45505,0,0,0
0,29,1,0,0,0,0,0,0
0,29,1,2,0.70734,0.35367,0,0,0
0,29,1,1,0.35331,0.35331,0,0,0
0,29,1,2,0.58428,0.29214,0,0,0
0,61,1,1,0.22392,0.22392,0,0,0
0,61,1,0,0,0,0,0,0
0,61,1,1,0.38028,0.38028,0,0,0
0,61,1,3,0.76237,0.25412,0,0,0
0,61,1,1,0.47918,0.47918,0,0,0
0,61,1,1,0.32177,0.32177,0,0,0
0,61,1,3,1.0063,0.33542,0,0,0
0,61,1,1,0.17125,0.17125,0,0,0
0,61,1,4,1.119,0.27974,0,0,0
0,61,1,2,0.49762,0.24881,0,0,0
0,61,1,3,0.6837,0.2279,0,0,0
0,61,1,2,0.3738,0.1869,0,0,0
0,61,1,2,0.3153,0.15765,0,0,0
0,61,1,3,0.47535,0.15845,0,0,0
0,61,1,1,0.33401,0.33401,0,0,0
0,61,1,3,0.69063,0.23021,0,0,0
0,61,1,3,0.99104,0.33035,0,0,0
0,61,1,2,0.3293,0.16465,0,0,0
0,61,1,3,0.8336,0.27787,0,0,0
0,61,1,4,0.82738,0.20684,0,0,0
0,61,1,2,0.38864,0.19432,0,0,0
0,61,1,1,0.28064,0.28064,0,0,0
0,61,1,1,0.33183,0.33183,0,0,0
0,61,1,2,0.8078,0.4039,0,0,0
0,61,1,2,0.39853,0.19927,0,0,0
0,61,1,2,0.61325,0.30662,0,0,0
0,61,1,2,0.48514,0.24257,0,0,0
0,61,1,1,0.21942,0.21942,0,0,0
0,61,1,4,1.1783,0.29458,0,0,0
0,61,1,2,0.63213,0.31607,0,0,0
0,61,1,1,0.18912,0.18912,0,0,0
0,61,1,3,0.64387,0.21462,0,0,0
0,61,1,3,0.67612,0.22537,0,0,0
0,61,1,3,0.8141,0.27137,0,0,0
0,61,1,2,0.58435,0.29217,0,0,0
0,61,1,3,0.88598,0.29533,0,0,0
0,61,1,3,1.0355,0.34517,0,0,0
0,61,1,2,0.50567,0.25284,0,0,0
0,61,1,2,0.37769,0.18885,0,0,0
0,61,1,3,0.58718,0.19573,0,0,0
0,68,1,2,1.1437,0.57186,0,0,0
0,68,1,3,3.555,1.185,0,0,NaN
0,89,1,1,0.053675,0.053675,0,0,0
0,89,1,2,0.76701,0.3835,0,0,0
0,89,1,1,0.14371,0.14371,0,0,0
0,89,1,2,0.68066,0.34033,0,0,0
0,89,1,1,0.29368,0.29368,0,0,0
0,89,1,0,0,0,0,0,0
0,10,1,0,0,0,0,0,0
0,10,1,0,0,0,0,0,0
0,10,1,0,0,0,0,0,0
0,10,1,0,0,0,0,0,0
0,10,1,0,0,0,0,0,0
0,10,1,2,0.27963,0.13982,1,0,0
0,10,1,2,0.89866,0.44933,2,8.5155,4.2577
0,10,1,1,0.17727,0.17727,0,0,0
0,10,1,2,0.40103,0.20052,1,0,0
0,10,1,0,0,0,0,0,0
0,10,1,0,0,0,0,0,0
0,10,1,0,0,0,0,0,0
0,10,1,0,0,0,0,0,0
0,10,1,0,0,0,0,0,0
0,10,1,1,0.28106,0.28106,0,0,0
0,10,1,0,0,0,0,0,0
0,10,1,1,0.17513,0.17513,0,0,0
0,10,1,0,0,0,0,0,0
0,10,1,0,0,0,0,0,0
0,10,1,0,0,0,0,0,0
0,10,1,1,0.28077,0.28077,0,0,0
0,10,1,1,0.2116,0.2116,0,0,0
0,10,1,0,0,0,0,0,0
0,10,1,1,0.24108,0.24108,0,0,0
0,10,1,2,0.17317,0.086586,0,0,NaN
0,10,1,0,0,0,0,0,0
0,10,1,1,0.22711,0.22711,0,0,0
0,10,1,0,0,0,0,0,0
0,10,1,2,0.89708,0.44854,0,0,0
0,10,1,1,0.51233,0.51233,0,0,0
0,10,1,0,0,0,0,0,0
0,14,1,2,3.0501,NaN,0,0,NaN
0,14,1,2,1.4157,0.70785,2,11.234,5.6168
0,14,1,4,1.169,0.29224,2,10.666,5.3332
0,14,1,4,2.1807,0.54518,2,10.53,5.2648
0,14,1,3,2.1745,0.72483,0,0,NaN
0,14,1,2,1.5516,0.77578,0,0,NaN
0,14,1,1,0.12005,0.12005,2,9.9053,NaN
0,14,1,2,0.61048,0.30524,2,7.1777,3.5888
0,14,1,3,2.2538,0.75127,0,0,NaN
0,14,1,3,1.0052,0.33505,2,10.128,5.0641
0,14,1,2,2.4909,1.2455,0,0,NaN
0,14,1,1,0.37961,0.37961,0,0,0
0,14,1,4,0.7703,0.19257,2,9.8816,4.9408
0,14,1,3,2.1335,0.71118,0,0,NaN
0,14,1,1,0.54045,0.54045,0,0,0
0,14,1,2,1.3843,0.69213,0,0,NaN
0,14,1,4,2.0898,0.52245,0,0,NaN
0,14,1,5,3.2354,0.64707,0,0,NaN
0,14,1,2,0.91471,0.45736,0,0,0
0,14,1,2,0.82325,0.41162,0,0,0
0,14,1,NaN,3.4493,0.57488,0,0,0
0,14,1,4,1.3569,0.33923,0,0,0
0,14,1,5,3.5585,0.71171,2,10.87,5.4351
0,14,1,3,3.5954,1.1985,1,3.7873,3.7873
0,14,1,2,1.928,0.96398,0,0,NaN
0,14,1,3,0.49145,0.16382,2,11.316,5.6581
0,14,1,2,1.2504,0.6252,0,0,0
0,14,1,3,1.6536,0.5512,0,0,0
0,14,1,3,0.61982,0.20661,2,11.602,5.8008
0,14,1,3,0.84134,0.28045,2,8.6697,4.3348
0,14,1,1,0.6094,0.6094,0,0,0
0,14,1,2,0.47351,0.23676,0,0,0
0,14,1,2,1.163,0.58152,0,0,0
0,14,1,3,1.021,0.34032,0,0,0
0,14,1,3,1.4264,0.47545,0,0,0
0,14,1,3,1.3026,0.43419,0,0,0
0,14,1,3,1.303,0.43433,0,0,0
0,14,1,2,0.82145,0.41072,0,0,0
0,14,1,5,NaN,1.0627,0,0,NaN
0,14,1,2,1.1405,0.57025,0,0,0
0,89,1,0,0,NaN,2,NaN,17.45
0,89,1,0,0,0,0,0,0
0,89,1,1,0.23261,0.23261,0,0,0
0,89,1,4,3.6861,0.92153,NaN,19.724,6.5748
0,89,1,1,1.0103,1.0103,0,0,NaN
0,89,1,2,0.88355,0.44177,0,0,0
0,43,1,5,1.789,0.35781,NaN,NaN,5.2812
0,43,1,1,0.60353,0.60353,0,0,0
0,43,1,0,0,0,0,0,0
0,43,1,0,0,0,0,0,0
0,43,1,3,0.82656,0.27552,NaN,15.627,5.209
0,43,1,1,0.16588,0.16588,0,0,0
0,43,1,2,1.8039,0.90194,0,0,NaN
0,43,1,2,0.15579,0.15579,0,0,0
0,43,1,2,1.8202,0.91009,0,0,NaN
0,43,1,2,0.97727,NaN,0,0,0
0,43,1,3,NaN,1.563,0,0,NaN
0,43,1,0,0,0,0,0,0
0,43,1,4,1.6609,0.41523,0,0,NaN
0,43,1,2,2.0707,1.0354,0,0,NaN
0,43,1,0,0,0,0,0,0
0,43,1,3,1.0874,0.36248,0,0,0
0,43,1,4,3.0916,0.7729,0,0,NaN
0,43,1,1,0.15451,0.15451,2,9.1316,4.5658
0,43,1,3,2.9545,0.98485,0,0,NaN
0,43,1,1,1.2193,1.2193,0,0,0
0,43,1,3,2.671,0.89033,0,0,NaN
0,43,1,2,0.78505,0.39253,0,0,0
0,43,1,3,2.8782,0.9594,0,0,NaN
0,43,1,3,2.1435,0.71449,0,0,0
0,43,1,2,1.2273,0.61367,0,0,NaN
0,43,1,3,3.2958,1.0986,0,0,NaN
0,43,1,3,0.98159,0.3272,0,0,0
0,43,1,2,1.4518,NaN,NaN,10.809,3.6029
0,43,1,4,NaN,1.5292,0,0,NaN
0,43,1,1,0.44672,0.44672,0,0,0
0,43,1,1,0.55799,0.55799,0,0,0
0,43,1,2,1.2403,0.62015,0,0,0
0,44,1,2,0.61734,0.30867,0,0,0
0,44,1,0,0,0,0,0,0
0,44,1,0,0,0,0,0,0
0,44,1,0,0,0,0,0,0
0,44,1,1,0.27603,0.27603,0,0,0
0,44,1,1,0.22175,0.22175,0,0,0
0,44,1,3,0.65495,0.21832,NaN,17.625,5.875
0,44,1,2,0.42602,0.21301,0,0,0
0,44,1,2,0.333,0.1665,0,0,0
0,44,1,0,0,0,0,0,0
0,44,1,2,0.73446,0.36723,0,0,0
0,44,1,2,0.47407,0.23703,0,0,0
0,44,1,3,0.73673,0.24558,0,0,0
0,44,1,1,0.21972,0.21972,0,0,0
0,44,1,1,0.16291,0.16291,0,0,0
0,44,1,3,0.9011,0.30037,0,0,0
0,44,1,1,0.18835,0.18835,0,0,0
0,44,1,1,0.37096,0.37096,0,0,0
0,44,1,3,0.71593,0.23864,0,0,0
0,44,1,2,0.55698,0.27849,0,0,0
0,44,1,1,0.23423,0.23423,0,0,0
0,44,1,1,0.27328,0.27328,0,0,0
0,44,1,2,0.53098,0.26549,0,0,0
0,44,1,2,0.47241,0.23621,0,0,0
0,44,1,1,0.51063,0.51063,0,0,0
0,44,1,2,0.67621,0.3381,0,0,0
0,44,1,2,0.77488,0.38744,0,0,0
0,44,1,2,0.33257,0.16628,0,0,0
0,44,1,4,1.4829,0.37073,0,0,0
0,44,1,3,2.5011,0.8337,1,5.6,5.6
0,44,1,3,0.69286,0.23095,NaN,15.681,5.2269
0,44,1,1,0.22381,0.22381,0,0,0
0,44,1,2,0.75347,0.37674,0,0,0
0,44,1,3,0.695,0.23167,0,0,0
0,44,1,2,0.37495,0.18748,0,0,0
0,44,1,3,0.72192,0.24064,0,0,0
0,44,1,3,0.89121,0.29707,0,0,0
0,44,1,1,0.19871,0.19871,0,0,0
0,44,1,1,0.28478,0.28478,0,0,0
0,46,1,3,1.5922,0.53074,NaN,20.22,6.7398
0,46,1,2,0.18551,0.092753,2,11.97,5.9852
0,46,1,3,2.636,0.87866,NaN,14.883,4.961
0,46,1,0,0,0,0,0,0
0,46,1,2,0.14948,0.074742,2,9.7466,4.8733
0,46,1,0,0,0,0,0,0
0,46,1,0,0,0,0,0,0
0,46,1,2,2.7438,1.3719,0,0,NaN
0,46,1,3,2.8136,0.93786,0,0,NaN
0,46,1,1,0.12237,0.12237,2,18.69,9.3448
0,46,1,2,1.2204,0.61021,0,0,NaN
0,46,1,2,1.7815,0.89077,0,0,NaN
0,46,1,1,0.85355,0.85355,0,0,0
0,46,1,0,0,0,0,0,0
0,46,1,0,0,NaN,0,0,0
0,46,1,2,3.5219,1.7609,0,0,NaN
0,46,1,1,1.0847,1.0847,0,0,NaN
0,46,1,1,0.65683,0.65683,0,0,0
0,46,1,1,0.75118,0.75118,0,0,0
0,46,1,4,3.0127,0.75318,0,0,0
0,46,1,2,1.7408,0.87038,0,0,NaN
0,46,1,4,1.205,0.30125,NaN,14.838,NaN
0,46,1,2,0.867,0.4335,0,0,0
0,46,1,1,1.2332,1.2332,0,0,NaN
0,46,1,0,0,0,0,0,0
0,46,1,0,0,0,0,0,0
0,46,1,1,1.046,1.046,0,0,NaN
0,46,1,0,0,0,0,0,0
0,46,1,2,1.7894,0.89469,0,0,NaN
0,46,1,3,2.8195,0.93982,0,0,NaN
0,46,1,4,2.56,0.63999,0,0,0
0,46,1,4,3.449,0.86225,0,0,0
0,46,1,NaN,3.586,0.51228,0,0,0
0,46,1,3,1.6222,0.54072,0,0,NaN
0,46,1,4,3.2029,0.80072,0,0,0
0,46,1,1,0.83341,0.83341,0,0,0
0,65,1,1,0.33167,0.33167,0,0,0
0,65,1,1,0.3308,0.3308,0,0,0
0,65,1,3,0.88983,0.29661,0,0,0
0,65,1,1,0.42602,0.42602,0,0,0
0,65,1,1,0.18145,0.18145,0,0,0
0,65,1,3,1.3386,0.44619,1,4.1914,4.1914
0,65,1,2,0.2903,0.14515,0,0,0
0,65,1,1,0.15346,0.15346,0,0,0
0,65,1,1,0.40152,0.40152,0,0,0
0,65,1,2,0.84158,0.42079,0,0,0
0,66,1,2,0.14663,0.073315,2,11.478,5.7391
0,66,1,3,2.5987,0.86624,2,10.188,5.0941
0,66,1,2,0.25739,0.1287,2,10.932,5.4658
0,66,1,3,1.3234,0.44113,2,10.041,5.0204
0,66,1,2,0.22784,0.11392,2,10.751,5.3755
0,66,1,3,0.61134,0.20378,2,10.295,5.1477
0,66,1,0,0,0,0,0,0
0,66,1,0,0,0,0,0,0
0,66,1,1,0.65786,0.65786,0,0,0
0,66,1,2,0.8958,0.4479,2,9.2237,4.6119
0,66,1,2,1.412,0.706,0,0,NaN
0,66,1,1,0.32478,0.32478,0,0,0
0,66,1,1,0.53642,0.53642,0,0,0
0,66,1,3,1.3548,0.45161,0,0,0
0,66,1,2,1.0843,0.54216,0,0,0
0,66,1,2,0.72828,0.36414,0,0,0
0,66,1,3,1.7011,0.56704,0,0,0
0,66,1,3,0.89214,0.29738,0,0,0
0,66,1,3,1.6201,0.54003,0,0,0
0,66,1,2,1.0469,0.52344,0,0,0
0,66,1,2,1.2184,0.60918,0,0,0
0,66,1,3,1.204,0.40133,0,0,0
0,66,1,3,1.2608,0.42028,0,0,0
0,66,1,2,0.38194,0.19097,0,0,0
0,66,1,2,0.76749,0.38375,0,0,0
0,66,1,3,0.88384,0.29461,0,0,0
0,66,1,2,0.42706,0.21353,0,0,0
0,66,1,4,1.5301,0.38252,0,0,0
0,66,1,3,1.0507,0.35022,0,0,0
0,66,1,2,0.53214,0.26607,2,8.5174,4.2587
0,66,1,1,0.19169,0.19169,0,0,0
0,66,1,2,1.645,0.82251,0,0,NaN
0,66,1,3,0.65571,0.21857,0,0,0
0,66,1,2,0.76938,0.38469,0,0,0
0,66,1,3,2.6661,0.8887,0,0,NaN
0,66,1,5,3.4351,0.68701,0,0,0
0,66,1,2,1.8064,0.90319,1,7.6617,7.6617
0,71,1,5,2.1064,0.42129,1,18.351,18.351
0,71,1,5,2.0665,0.41331,2,10.03,5.0149
0,71,1,1,0.23629,0.23629,0,0,0
0,71,1,2,1.219,0.60948,0,0,NaN
0,71,1,3,2.1768,0.72558,0,0,NaN
0,71,1,3,2.4526,0.81755,0,0,NaN
0,71,1,4,0.80204,0.20051,0,0,0
0,71,1,4,2.3079,0.57698,0,0,NaN
0,71,1,1,0.16736,0.16736,0,0,0
0,71,1,1,0.22959,0.22959,0,0,0
0,71,1,4,2.5485,0.63712,1,3.5286,3.5286
0,71,1,3,0.50613,0.16871,0,0,0
0,71,1,0,0,0,0,0,0
0,71,1,0,0,NaN,0,0,0
0,71,1,2,3.6462,1.8231,0,0,NaN
0,71,1,5,NaN,1.2771,0,0,NaN
0,71,1,4,NaN,1.1114,0,0,NaN
0,71,1,4,2.5953,0.64883,2,8.8323,4.4161
0,71,1,3,2.7151,0.90505,NaN,14.372,4.7906
0,71,1,3,0.61367,0.20456,0,0,0
0,71,1,3,1.5497,NaN,0,0,NaN
0,71,1,3,NaN,1.9763,0,0,NaN
0,71,1,1,0.13322,0.13322,0,0,0
0,71,1,1,0.3137,0.3137,0,0,0
0,71,1,0,0,0,0,0,0
0,71,1,0,0,0,0,0,0
0,71,1,0,0,0,0,0,0
0,71,1,0,0,0,0,0,0
0,71,1,0,0,0,0,0,0
0,71,1,4,2.5888,0.64719,0,0,NaN
0,71,1,1,0.19924,0.19924,0,0,0
0,71,1,2,1.3453,0.67263,0,0,NaN
0,71,1,0,0,NaN,0,0,0
0,71,1,1,1.8801,NaN,0,0,NaN
0,71,1,2,3.5591,1.7796,0,0,NaN
0,71,1,0,0,0,0,0,0
0,71,1,0,0,0,0,0,0
0,71,1,0,0,0,0,0,0
0,2,1,2,0.26801,0.134,2,10.535,5.2677
0,2,1,3,0.30681,0.10227,NaN,14.264,4.7546
0,2,1,2,0.29389,0.14695,2,13.065,6.5327
0,2,1,2,0.72427,0.36214,0,0,0
0,2,1,1,0.48193,0.48193,0,0,0
0,2,1,1,0.36859,NaN,0,0,0
0,2,1,1,2.587,2.587,0,0,NaN
0,2,1,1,0.24049,0.24049,0,0,0
0,2,1,1,0.60559,0.60559,0,0,0
0,2,1,4,2.2805,0.57012,0,0,0
0,2,1,2,2.7156,1.3578,1,3.0133,3.0133
0,2,1,1,0.30117,0.30117,0,0,0
0,2,1,1,0.5387,0.5387,0,0,0
0,2,1,2,2.8908,1.4454,1,0,0
0,2,1,1,0.32437,0.32437,0,0,0
0,2,1,2,1.1229,0.56143,0,0,0
0,2,1,2,0.75757,0.37878,0,0,0
0,2,1,2,0.55378,0.27689,2,12.814,6.4072
0,2,1,3,1.5038,0.50126,2,9.3449,4.6725
0,2,1,3,0.30896,0.30896,0,0,0
0,2,1,2,0.9518,0.4759,0,0,0
0,2,1,2,0.41445,NaN,0,0,0
0,2,1,2,3.6435,1.8217,0,0,NaN
0,2,1,2,0.5598,0.2799,0,0,NaN
0,2,1,2,0.30666,0.15333,NaN,15.896,5.2985
0,2,1,2,1.5068,0.75338,0,0,0
0,60,1,3,0.95913,0.31971,0,0,0
0,60,1,1,0.37158,0.37158,0,0,0
0,60,1,1,0.32935,0.32935,0,0,0
0,60,1,1,0.41781,0.41781,0,0,0
0,60,1,1,0.1796,0.1796,0,0,0
0,60,1,1,0.18944,0.18944,0,0,0
0,60,1,4,1.4512,0.36281,0,0,0
0,60,1,NaN,NaN,NaN,NaN,NaN,NaN
0,60,1,2,0.86223,0.43111,0,0,0
0,60,1,2,0.38869,0.19435,0,0,0
0,60,1,3,0.7464,0.2488,0,0,0
0,60,1,0,0,0,0,0,0
0,60,1,0,0,0,0,0,0
0,60,1,1,0.16611,0.16611,0,0,0
0,60,1,1,0.37261,0.37261,0,0,0
0,60,1,2,0.43547,0.21773,0,0,0
0,60,1,4,1.9563,0.48908,0,0,0
0,60,1,1,0.50586,0.50586,0,0,0
0,60,1,2,0.41288,0.20644,0,0,0
0,60,1,3,1.204,0.40134,0,0,0
0,60,1,3,1.2683,0.42277,0,0,0
0,60,1,2,1.1793,0.58967,0,0,0
0,60,1,0,0,0,0,0,0
0,60,1,3,1.5034,0.50112,0,0,0
0,60,1,3,1.1052,0.36839,0,0,0
0,60,1,1,0.28629,0.28629,0,0,0
0,60,1,1,0.60547,0.60547,0,0,0
0,60,1,0,0,0,0,0,0
0,60,1,3,1.6799,0.55998,0,0,0
0,60,1,0,0,0,0,0,0
0,60,1,NaN,1.0513,0.52567,0,0,0
0,60,1,7,2.7935,0.39907,0,0,0
0,60,1,3,1.2293,0.40976,0,0,0
0,60,1,3,1.2599,0.41997,0,0,0
0,60,1,1,0.28205,0.28205,0,0,0
0,60,1,2,1.0452,0.5226,0,0,0
0,60,1,1,1.2049,1.2049,0,0,NaN
0,60,1,3,1.5297,0.50989,0,0,0
0,60,1,1,0.55043,0.55043,0,0,0
0,60,1,1,0.31726,0.31726,0,0,0
0,38,1,3,1.0625,0.35417,1,5.2819,5.2819
0,38,1,1,0.1011,0.1011,2,10.794,5.3969
0,38,1,1,0.28008,0.28008,0,0,0
0,38,1,1,0.2071,0.2071,0,0,0
0,38,1,0,0,0,0,0,0
0,38,1,1,0.088743,0.088743,0,0,0
0,38,1,1,0.13523,0.13523,0,0,0
0,38,1,0,0,0,0,0,0
0,38,1,2,0.34274,0.17137,0,0,0
0,38,1,0,0,0,0,0,0
0,38,1,1,0.15054,0.15054,0,0,0
0,38,1,1,0.075154,NaN,0,0,0
0,38,1,1,NaN,0.61451,0,0,0
0,38,1,3,6.2043,2.0681,0,0,NaN
0,38,1,0,0,0,0,0,0
0,38,1,2,0.32835,0.16417,0,0,0
0,38,1,1,0.21045,0.21045,0,0,0
0,38,1,2,0.38283,0.19141,0,0,0
0,38,1,1,0.25093,0.25093,0,0,0
0,38,1,3,1.3029,0.4343,1,5.0846,5.0846
0,38,1,1,0.17585,0.17585,NaN,0,0
0,38,1,3,1.1205,0.37351,3,17.454,5.818
0,38,1,0,0,0,0,0,0
0,38,1,0,0,0,0,0,0
0,38,1,0,0,0,0,0,0
0,38,1,1,0.2193,0.2193,0,0,0
0,38,1,2,0.76768,0.38384,0,0,0
0,38,1,0,0,0,0,0,0
0,38,1,0,0,0,0,0,0
0,38,1,1,0.44953,0.44953,0,0,0
0,38,1,0,0,0,0,0,0
0,38,1,1,0.37847,0.37847,0,0,0
0,38,1,2,0.32618,0.16309,0,0,0
0,38,1,1,0.065278,0.065278,0,0,0
0,38,1,4,2.2209,0.55523,0,0,0
0,38,1,1,0.14752,0.14752,NaN,NaN,0
0,38,1,2,0.63593,0.31796,3,60.427,20.142
0,38,1,1,0.5497,0.5497,1,18.652,18.652
0,12,2,1,0.50896,0.50896,0,0,0
0,12,2,1,0.60133,0.60133,0,0,0
0,12,2,0,0,0,0,0,0
0,12,2,1,0.7133,0.7133,0,0,0
0,12,2,1,1.1487,1.1487,0,0,NaN
0,12,2,0,0,0,0,0,0
0,12,2,2,1.7724,0.88619,0,0,NaN
0,12,2,0,0,0,0,0,0
0,12,2,1,0.79988,0.79988,0,0,0
0,12,2,0,0,0,0,0,0
0,12,2,2,0.90919,0.45459,0,0,0
0,12,2,1,1.0326,1.0326,0,0,NaN
0,12,2,3,2.9912,0.99706,0,0,NaN
0,12,2,0,0,0,0,0,0
0,12,2,1,1.0063,1.0063,0,0,NaN
0,12,2,2,1.023,0.51152,0,0,0
0,12,2,0,0,0,0,0,0
0,12,2,2,3.1478,1.5739,1,3.3527,3.3527
0,12,2,1,0.72435,0.72435,0,0,0
0,12,2,3,2.9537,0.98458,0,0,NaN
0,12,2,0,0,0,0,0,0
0,12,2,4,2.9433,0.73582,0,0,NaN
0,12,2,1,0.58824,0.58824,0,0,0
0,12,2,1,1.6023,1.6023,0,0,NaN
0,12,2,1,0.39132,0.39132,0,0,0
0,12,2,1,0.69752,0.69752,0,0,0
0,12,2,1,0.53723,0.53723,0,0,0
0,12,2,0,0,0,0,0,0
0,14,2,2,1.2208,0.61042,0,0,NaN
0,14,2,2,0.25701,0.12851,2,8.7464,4.3732
0,14,2,1,0.099616,0.099616,1,3.8811,3.8811
0,14,2,3,1.3822,0.46072,2,10.777,5.3884
0,14,2,0,0,0,0,0,0
0,14,2,0,0,0,0,0,0
0,14,2,1,0.43299,0.43299,0,0,0
0,14,2,1,0.90106,0.90106,0,0,NaN
0,14,2,0,0,0,0,0,0
0,14,2,1,0.52555,0.52555,0,0,0
0,14,2,1,0.27772,0.27772,0,0,0
0,14,2,0,0,0,0,0,0
0,14,2,0,0,0,0,0,0
0,14,2,2,0.63932,0.31966,0,0,0
0,14,2,0,0,0,0,0,0
0,14,2,0,0,0,0,0,0
0,14,2,0,0,0,0,0,0
0,14,2,1,0.30381,0.30381,0,0,0
0,14,2,0,0,0,0,0,0
0,14,2,0,0,0,0,0,0
0,14,2,0,0,0,0,0,0
0,14,2,0,0,0,0,0,0
0,14,2,1,0.29377,0.29377,0,0,0
0,14,2,0,0,0,0,0,0
0,14,2,1,0.31752,0.31752,0,0,0
0,14,2,1,0.20542,0.20542,0,0,0
0,14,2,1,0.37882,0.37882,0,0,0
0,14,2,1,0.40024,0.40024,0,0,0
0,14,2,0,0,0,0,0,0
0,14,2,2,0.37225,0.18613,0,0,NaN
0,14,2,1,0.50711,0.50711,0,0,0
0,14,2,2,0.64841,0.3242,0,0,0
0,14,2,0,0,0,0,0,0
0,14,2,2,0.62939,0.31469,0,0,0
0,14,2,0,0,0,0,0,0
0,14,2,0,0,0,0,0,0
0,14,2,1,0.36058,0.36058,0,0,0
0,14,2,1,0.27558,0.27558,0,0,0
0,14,2,4,1.7315,0.43289,0,0,0
0,14,2,2,0.20773,0.10387,2,7.3953,3.6976
0,19,2,2,NaN,NaN,1,6.0123,6.0123
0,19,2,0,0,0,0,0,0
0,19,2,0,0,0,0,0,0
0,19,2,0,0,0,0,0,0
0,19,2,2,0.13476,0.067379,2,9.9541,4.977
0,19,2,0,0,0,0,0,0
0,19,2,0,0,0,0,0,0
0,19,2,1,0.51389,0.51389,0,0,0
0,19,2,0,0,0,0,0,0
0,19,2,2,0.49691,0.24845,0,0,0
0,19,2,0,0,0,0,0,0
0,19,2,2,1.7321,0.86605,0,0,0
0,19,2,2,1.2288,0.61441,0,0,0
0,19,2,3,4.1749,1.3916,0,0,NaN
0,19,2,0,0,0,0,0,0
0,19,2,2,2.7296,1.3648,0,0,NaN
0,19,2,1,0.71133,0.71133,0,0,0
0,19,2,0,0,0,0,0,0
0,19,2,0,0,0,0,0,0
0,19,2,1,0.59309,0.59309,0,0,0
0,19,2,1,1.8381,1.8381,0,0,NaN
0,19,2,0,0,NaN,1,3.4103,3.4103
0,19,2,0,0,0,0,0,0
0,19,2,2,1.7628,0.88138,0,0,NaN
0,19,2,2,0.9752,0.4876,0,0,NaN
0,19,2,0,0,0,0,0,0
0,19,2,2,2.3542,1.1771,0,0,NaN
0,19,2,1,0.34998,0.34998,0,0,0
0,19,2,0,0,0,0,0,0
0,19,2,2,0.59075,0.29537,1,5.0207,5.0207
0,19,2,1,0.90508,0.90508,0,0,NaN
0,19,2,0,0,0,0,0,0
0,19,2,1,0.58627,0.58627,0,0,0
0,19,2,0,0,0,0,0,0
0,19,2,1,0.40771,0.40771,0,0,0
0,19,2,0,0,0,0,0,0
0,19,2,2,0.38498,0.19249,2,9.744,4.872
0,19,2,1,0.47562,0.47562,0,0,0
0,19,2,2,0.84223,0.42112,0,0,0
0,19,2,0,0,0,0,0,0
0,82,2,2,1.8802,0.94012,0,0,NaN
0,82,2,2,1.0198,0.50988,1,5.1883,5.1883
0,82,2,1,0.27467,NaN,3,15.751,5.2502
0,82,2,2,3.9859,1.9929,1,3.5829,3.5829
0,82,2,4,2.0969,0.52421,0,0,0
0,82,2,3,2.5862,0.86207,0,0,NaN
0,82,2,2,0.80041,0.4002,0,0,0
0,82,2,2,0.67958,0.33979,1,3.6035,3.6035
0,82,2,0,0,0,0,0,0
0,82,2,1,0.29765,0.29765,0,0,0
0,82,2,1,0.2785,0.2785,0,0,0
0,82,2,0,0,0,0,0,0
0,82,2,1,0.20769,0.20769,0,0,0
0,82,2,1,0.41515,0.41515,0,0,0
0,82,2,1,0.6662,0.6662,1,6.4039,6.4039
0,82,2,3,2.2518,0.75062,0,0,NaN
0,82,2,1,0.38795,0.38795,1,4.1412,4.1412
0,82,2,2,1.1753,0.58763,0,0,0
0,82,2,2,0.82263,0.41131,0,0,0
0,82,2,3,1.5256,0.50853,0,0,0
0,82,2,2,1.3388,0.66942,0,0,0
0,82,2,3,0.99961,0.3332,0,0,0
0,82,2,2,0.68048,0.34024,0,0,0
0,82,2,1,0.2336,0.2336,0,0,0
0,82,2,4,1.712,0.428,0,0,0
0,82,2,1,0.31898,0.31898,0,0,0
0,82,2,2,0.29206,0.14603,1,3.0292,3.0292
0,82,2,2,0.48892,0.24446,0,0,0
0,82,2,1,0.28391,0.28391,0,0,0
0,82,2,1,0.081927,0.081927,0,0,0
0,82,2,2,0.2859,0.14295,0,0,0
0,82,2,4,1.7921,0.44801,0,0,0
0,82,2,5,1.7319,0.5773,0,0,0
0,82,2,2,0.45121,0.22561,0,0,0
0,82,2,4,2.4564,0.61411,0,0,0
0,82,2,2,2.9918,1.4959,0,0,NaN
0,82,2,4,1.6408,0.41019,0,0,0
0,82,2,3,2.1097,0.70323,0,0,NaN
0,82,2,1,0.49059,0.49059,0,0,0
0,18,2,3,3.4711,1.157,1,3.2161,3.2161
0,18,2,0,0,0,0,0,0
0,18,2,2,1.6589,0.82945,0,0,0
0,18,2,2,0.70865,0.35433,0,0,0
0,18,2,0,0,0,0,0,0
0,18,2,0,0,0,0,0,0
0,18,2,1,0.44476,0.44476,0,0,0
0,18,2,1,0.30586,0.30586,0,0,0
0,18,2,1,0.1662,0.1662,0,0,0
0,18,2,0,0,0,0,0,0
0,18,2,3,1.0872,0.36241,NaN,18.641,4.6603
0,18,2,2,0.79011,0.39506,0,0,0
0,18,2,3,1.3993,0.46645,0,0,0
0,18,2,0,0,0,0,0,NaN
0,18,2,1,0.35712,0.35712,0,0,0
0,18,2,4,1.7391,0.43477,0,0,NaN
0,18,2,1,0.23434,0.23434,0,0,NaN
0,18,2,3,1.8491,0.61636,0,0,0
0,18,2,1,0.29569,0.29569,0,0,0
0,18,2,1,0.2347,0.2347,0,0,NaN
0,18,2,2,0.62849,0.31425,0,0,NaN
0,18,2,3,1.3377,0.44591,0,0,NaN
0,18,2,2,0.91231,0.45615,0,0,0
0,18,2,2,0.56584,0.28292,0,0,NaN
0,18,2,2,0.69511,0.34755,0,0,NaN
0,18,2,1,0.2037,0.2037,0,0,NaN
0,18,2,3,0.90639,0.30213,1,6.4994,NaN
0,18,2,5,2.0074,0.40148,0,0,0
0,18,2,1,0.12316,0.12316,1,11.627,NaN
0,18,2,3,1.021,0.34033,0,0,NaN
0,18,2,2,0.65218,0.32609,0,0,0
0,18,2,2,0.52157,0.26079,0,0,0
0,18,2,2,1.0293,0.51465,0,0,0
0,18,2,2,1.0294,0.51472,0,0,0
0,18,2,3,1.5245,0.50817,0,0,0
0,18,2,4,2.0339,0.50847,0,0,0
0,26,2,2,1.2972,0.64861,3,NaN,19.128
0,26,2,2,0.25993,0.12996,2,11.682,5.841
0,26,2,4,1.9322,0.48305,3,NaN,18.521
0,26,2,1,0.20452,0.20452,2,NaN,20.956
0,26,2,1,0.66816,0.66816,0,0,0
0,26,2,3,1.38,0.46002,0,0,0
0,26,2,5,2.4444,0.48887,2,NaN,22.643
0,26,2,2,1.9345,0.96724,NaN,NaN,15.953
0,26,2,2,1.9241,0.96206,NaN,NaN,21.408
0,26,2,1,0.67665,0.67665,NaN,NaN,10.76
0,26,2,3,2.1392,0.71305,NaN,NaN,14.941
0,26,2,3,1.5246,0.50819,3,NaN,19.133
0,26,2,4,2.7506,0.68765,3,NaN,28.243
0,26,2,3,1.0623,0.35409,3,NaN,20.019
0,26,2,1,0.093072,0.093072,0,0,0
0,26,2,1,0.17152,0.17152,3,NaN,20.091
0,26,2,4,1.2591,0.31479,NaN,NaN,20.291
0,26,2,0,0,NaN,NaN,NaN,12.135
0,29,2,1,0.36501,0.36501,0,0,0
0,29,2,2,3.0839,1.5419,0,0,NaN
0,29,2,1,0.39497,0.39497,0,0,0
0,29,2,0,0,0,0,0,0
0,29,2,2,1.374,0.687,0,0,NaN
0,29,2,1,0.21193,0.21193,0,0,0
0,29,2,1,0.31519,0.31519,0,0,0
0,29,2,1,0.87355,0.87355,2,0,0
0,29,2,1,1.0358,1.0358,1,6.9402,6.9402
0,29,2,0,0,0,0,0,NaN
0,29,2,1,0.40721,0.40721,0,0,0
0,29,2,1,0.56089,0.56089,0,0,0
0,29,2,0,0,0,0,0,0
0,29,2,1,1.012,1.012,0,0,NaN
0,29,2,2,1.3274,0.66369,0,0,0
0,29,2,1,0.32844,0.32844,0,0,0
0,29,2,1,0.72631,NaN,0,0,0
0,29,2,1,0.662,0.662,0,0,0
0,29,2,2,NaN,2.6652,0,0,NaN
0,29,2,1,0.23457,0.23457,0,0,0
0,29,2,1,0.44669,0.44669,0,0,0
0,29,2,1,0.50256,0.50256,0,0,0
0,29,2,2,1.2031,0.60156,0,0,0
0,29,2,1,0.34143,0.34143,0,0,0
0,29,2,0,0,0,0,0,0
0,29,2,3,1.4129,0.47097,0,0,0
0,29,2,1,0.58239,0.58239,0,0,0
0,29,2,2,0.75454,0.37727,1,10.661,10.661
0,29,2,3,1.9391,0.64638,0,0,NaN
0,29,2,1,0.38694,0.38694,0,0,0
0,29,2,2,1.7785,0.88925,0,0,0
0,29,2,2,1.3235,0.66174,0,0,0
0,29,2,1,0.61412,0.61412,0,0,0
0,29,2,3,1.8221,0.60735,0,0,0
0,29,2,1,0.47631,0.47631,0,0,0
0,34,2,2,0.88641,NaN,1,5.1252,5.1252
0,34,2,3,1.2914,0.43047,1,8.5427,8.5427
0,34,2,2,4.1543,NaN,1,14.594,14.594
0,34,2,2,1.6478,0.82392,0,0,NaN
0,34,2,1,2.5402,2.5402,1,3.6445,3.6445
0,34,2,1,1.167,1.167,3,13.293,4.4311
0,34,2,1,0.070582,0.070582,2,8.7724,4.3862
0,34,2,4,1.5146,0.37865,1,5.551,5.551
0,34,2,1,0.41445,0.41445,0,0,0
0,34,2,1,0.26258,0.26258,0,0,0
0,34,2,2,2.9539,1.477,1,3.1772,3.1772
0,34,2,3,2.4704,0.82346,1,3.1308,3.1308
0,34,2,1,0.20913,0.20913,1,7.9473,7.9473
0,34,2,2,0.92282,0.46141,0,0,0
0,34,2,2,1.1536,0.57678,0,0,0
0,34,2,1,0.15552,0.15552,0,0,0
0,34,2,2,1.459,0.72949,1,7.3574,7.3574
0,34,2,1,0.22132,0.22132,1,5.888,5.888
0,34,2,2,1.0758,0.5379,1,6.6534,6.6534
0,34,2,1,0.27477,0.27477,0,0,0
0,34,2,2,1.1288,0.56442,3,13.487,4.4956
0,34,2,2,1.0293,NaN,1,5.8179,5.8179
0,34,2,3,4.1112,1.3704,1,6.9266,6.9266
0,34,2,2,4.9965,2.4982,1,7.4571,7.4571
0,34,2,2,0.76971,NaN,1,6.4208,6.4208
0,34,2,2,3.0914,1.5457,1,5.6202,5.6202
0,34,2,2,NaN,2.8332,0,0,NaN
0,34,2,3,0.59383,0.19794,0,0,0
0,34,2,5,NaN,1.3152,0,0,NaN
0,34,2,1,0.37747,0.37747,1,6.2622,6.2622
0,34,2,1,0.13295,0.13295,1,6.5582,6.5582
0,34,2,0,0,NaN,1,6.4601,6.4601
0,34,2,1,0.075256,0.075256,0,0,0
0,34,2,2,1.4668,0.7334,1,7.8183,7.8183
0,34,2,2,0.89693,0.44847,0,0,0
0,61,2,1,0.30008,0.30008,0,0,0
0,61,2,3,0.81875,0.27292,0,0,0
0,61,2,0,0,0,0,0,0
0,61,2,1,0.24346,0.24346,0,0,0
0,61,2,2,0.48521,0.2426,0,0,0
0,61,2,2,0.33986,0.16993,0,0,0
0,61,2,5,1.5092,0.30183,0,0,0
0,61,2,1,0.34668,0.34668,0,0,0
0,61,2,3,0.78513,0.26171,0,0,0
0,61,2,3,0.56155,0.18718,0,0,0
0,61,2,2,0.33256,0.16628,0,0,0
0,61,2,4,0.87216,0.21804,0,0,0
0,61,2,2,0.35481,0.1774,0,0,0
0,61,2,1,0.36552,0.36552,0,0,0
0,61,2,0,0,0,0,0,0
0,61,2,2,0.38061,0.1903,0,0,0
0,61,2,1,0.23466,0.23466,0,0,0
0,61,2,2,0.31873,0.15936,0,0,0
0,61,2,3,0.64516,0.21505,0,0,0
0,61,2,1,0.1291,0.1291,0,0,0
0,61,2,2,0.77203,0.38601,0,0,0
0,61,2,4,1.2389,0.30971,0,0,0
0,61,2,3,0.80676,0.26892,0,0,0
0,61,2,4,1.4524,0.36311,0,0,0
0,61,2,2,0.4133,0.20665,0,0,0
0,61,2,4,0.93209,0.23302,0,0,0
0,61,2,1,0.22955,0.22955,0,0,0
0,61,2,4,0.96225,0.24056,0,0,0
0,61,2,2,0.35731,0.17866,0,0,NaN
0,61,2,3,0.59569,0.19856,0,0,0
0,61,2,2,0.7436,0.3718,0,0,0
0,61,2,2,0.42538,0.21269,0,0,0
0,61,2,1,0.18806,0.18806,0,0,0
0,61,2,5,2.1447,0.42894,0,0,NaN
0,61,2,1,0.14335,0.14335,0,0,0
0,61,2,4,1.8391,0.45977,0,0,0
0,61,2,3,0.38954,0.12985,0,0,0
0,61,2,3,0.76272,0.25424,0,0,0
0,61,2,3,0.98247,0.32749,0,0,0
0,61,2,3,0.53024,0.17675,0,0,0
0,68,2,2,1.5479,0.77395,0,0,0
0,68,2,2,0.94413,0.47207,2,7.7263,3.8632
0,89,2,1,0.31695,0.31695,0,0,0
0,89,2,0,0,0,0,0,0
0,89,2,1,0.75562,0.75562,0,0,0
0,89,2,1,0.37683,0.37683,1,3.2885,3.2885
0,89,2,2,1.1934,0.59669,0,0,0
0,89,2,2,0.6022,0.3011,NaN,19.273,4.8181
0,14,2,2,1.3567,0.67837,0,0,0
0,14,2,2,0.71917,0.35959,0,0,0
0,14,2,1,0.34401,0.34401,0,0,0
0,14,2,2,0.6406,0.3203,2,9.7662,4.8831
0,14,2,3,1.1117,0.37056,2,9.1207,4.5603
0,14,2,NaN,NaN,1.2236,0,0,NaN
0,14,2,2,0.24731,0.12365,2,11.024,5.512
0,14,2,2,1.238,0.61898,0,0,NaN
0,14,2,2,1.2295,0.61473,0,0,NaN
0,14,2,3,1.2662,0.42207,0,0,0
0,14,2,1,0.84188,0.84188,1,3.2872,NaN
0,14,2,3,3.9292,1.3097,1,3.6906,3.6906
0,14,2,2,1.5482,0.77409,0,0,NaN
0,14,2,3,2.3976,0.79921,2,9.4093,4.7047
0,14,2,3,1.2101,0.40338,0,0,0
0,14,2,4,3.0604,0.76509,0,0,NaN
0,14,2,3,1.9317,0.64392,0,0,NaN
0,14,2,2,0.20996,0.10498,2,8.2372,4.1186
0,14,2,5,3.2605,0.6521,0,0,NaN
0,14,2,5,4.4402,0.88805,1,17.346,17.346
0,14,2,3,2.0109,0.67029,0,0,NaN
0,14,2,2,1.8365,0.91826,0,0,NaN
0,14,2,3,1.9881,0.66269,0,0,NaN
0,14,2,NaN,NaN,0.89218,0,0,NaN
0,14,2,3,1.809,0.60301,0,0,NaN
0,14,2,4,2.2618,0.56544,0,0,0
0,14,2,4,3.5661,0.89153,0,0,NaN
0,14,2,4,1.9151,0.47877,2,11.475,5.7376
0,14,2,3,1.4544,0.48481,0,0,0
0,14,2,4,NaN,1.4658,NaN,22.741,5.6852
0,14,2,NaN,2.8434,0.4739,0,0,0
0,14,2,NaN,4.7787,0.68267,0,0,NaN
0,14,2,4,2.3683,0.59207,0,0,NaN
0,14,2,2,1.6548,0.82741,0,0,NaN
0,14,2,2,1.497,0.74848,0,0,NaN
0,14,2,3,3.4676,1.1559,1,5.9079,5.9079
0,14,2,4,1.0247,0.25616,2,7.3716,3.6858
0,14,2,4,2.1211,0.53028,1,5.8945,5.8945
0,14,2,4,3.4016,0.8504,0,0,NaN
0,14,2,4,3.1999,0.79998,2,15.915,7.9575
0,89,2,1,0.13767,0.13767,2,11.067,5.5333
0,89,2,2,0.29622,0.14811,2,12.103,6.0513
0,89,2,0,0,NaN,2,15.148,7.5741
0,89,2,0,0,0,0,0,0
0,89,2,3,1.6855,0.56183,0,0,0
0,89,2,1,1.1119,1.1119,2,14.849,7.4244
0,43,2,NaN,4.9389,0.61737,2,11.596,5.7979
0,43,2,4,2.3035,0.57586,NaN,NaN,6.8795
0,43,2,5,1.1693,0.23386,NaN,23.05,5.7624
0,43,2,2,0.70145,0.35072,0,0,0
0,43,2,3,0.44375,0.14792,3,13.547,4.5158
0,43,2,3,1.8247,NaN,0,0,NaN
0,43,2,3,0.82024,0.27341,3,14.059,4.6864
0,43,2,2,1.7004,0.85019,2,14.694,7.3468
0,43,2,3,1.8898,0.62993,0,0,NaN
0,43,2,5,NaN,2.2897,0,0,NaN
0,43,2,3,NaN,1.8925,0,0,NaN
0,43,2,5,4.3373,0.86747,NaN,22.913,4.5826
0,43,2,5,NaN,1.692,0,0,NaN
0,43,2,0,0,0,0,0,0
0,43,2,5,NaN,1.6845,0,0,NaN
0,43,2,NaN,5.0763,0.84605,3,14.099,4.6996
0,43,2,2,1.393,0.69648,0,0,NaN
0,43,2,2,0.64947,0.32474,0,0,NaN
0,43,2,3,1.5123,0.5041,2,7.2994,3.6497
0,43,2,1,0.96498,0.96498,0,0,NaN
0,43,2,3,1.725,0.57499,0,0,NaN
0,43,2,3,2.6933,0.89778,0,0,NaN
0,43,2,2,0.2774,0.1387,3,14.77,4.9233
0,43,2,2,3.876,1.938,0,0,0
0,43,2,0,0,0,0,0,0
0,43,2,3,3.3532,1.1177,0,0,NaN
0,43,2,1,0.35365,0.35365,2,NaN,21.68
0,43,2,1,0.55309,0.55309,0,0,0
0,43,2,3,0.93428,0.31143,0,0,0
0,43,2,2,3.3723,1.6861,0,0,NaN
0,43,2,3,2.5374,0.8458,0,0,NaN
0,43,2,3,2.4795,0.82649,0,0,NaN
0,44,2,1,0.27307,0.27307,0,0,0
0,44,2,1,0.22835,0.22835,0,0,0
0,44,2,3,0.50864,0.16955,NaN,22.055,5.5137
0,44,2,1,0.15302,0.15302,0,0,0
0,44,2,1,0.1772,0.1772,0,0,0
0,44,2,0,0,0,0,0,0
0,44,2,1,0.26986,0.26986,0,0,0
0,44,2,2,0.32254,0.16127,0,0,0
0,44,2,2,0.48061,0.24031,0,0,0
0,44,2,1,0.2258,0.2258,0,0,0
0,44,2,1,0.21567,0.21567,0,0,0
0,44,2,2,0.44394,0.22197,0,0,0
0,44,2,1,0.34004,0.34004,0,0,0
0,44,2,1,0.31644,0.31644,0,0,0
0,44,2,2,0.39334,0.19667,0,0,0
0,44,2,3,1.0379,0.34598,0,0,0
0,44,2,1,0.31008,0.31008,0,0,0
0,44,2,2,0.45646,0.22823,0,0,0
0,44,2,2,0.7517,0.37585,0,0,0
0,44,2,2,0.58374,0.29187,0,0,0
0,44,2,1,0.22756,0.22756,0,0,0
0,44,2,1,0.16687,0.16687,0,0,0
0,44,2,2,0.40728,0.20364,0,0,0
0,44,2,0,0,0,0,0,0
0,44,2,2,0.30166,0.15083,0,0,0
0,44,2,1,0.2029,0.2029,0,0,0
0,44,2,3,0.69892,0.23297,0,0,0
0,44,2,1,0.1954,0.1954,0,0,0
0,44,2,4,0.97641,0.2441,0,0,0
0,44,2,2,0.42001,0.21001,0,0,0
0,44,2,1,0.26263,0.26263,0,0,0
0,44,2,2,0.60998,0.30499,0,0,0
0,44,2,2,0.6202,0.3101,0,0,0
0,44,2,1,0.19841,0.19841,0,0,0
0,44,2,2,0.44037,0.22018,0,0,0
0,44,2,4,1.3407,0.33516,0,0,0
0,44,2,3,0.60368,0.20123,0,0,0
0,44,2,0,0,0,0,0,0
0,44,2,2,0.58507,0.29253,0,0,0
0,46,2,1,1.4355,1.4355,0,0,NaN
0,46,2,1,1.339,1.339,0,0,NaN
0,46,2,1,1.0324,1.0324,0,0,NaN
0,46,2,2,2.0169,1.0084,0,0,NaN
0,46,2,0,0,0,0,0,0
0,46,2,1,0.6951,0.6951,0,0,0
0,46,2,4,2.5272,0.6318,0,0,0
0,46,2,1,1.2056,1.2056,0,0,NaN
0,46,2,0,0,0,0,0,0
0,46,2,1,0.9186,0.9186,0,0,NaN
0,46,2,2,2.3967,1.1984,0,0,NaN
0,46,2,1,0.64904,0.64904,0,0,0
0,46,2,0,0,0,0,0,0
0,46,2,3,1.4011,0.46704,0,0,0
0,46,2,0,0,0,0,0,0
0,46,2,0,0,0,0,0,0
0,46,2,0,0,0,0,0,0
0,46,2,2,2.1791,1.0896,0,0,NaN
0,46,2,2,0.35392,0.17696,2,8.4445,4.2222
0,46,2,2,1.6277,0.81384,0,0,0
0,46,2,0,0,0,0,0,0
0,46,2,0,0,0,0,0,0
0,46,2,1,0.8298,0.8298,0,0,0
0,46,2,2,3.5755,1.7877,0,0,NaN
0,46,2,2,0.22813,0.11406,2,11.895,5.9474
0,46,2,2,1.4843,0.74215,0,0,NaN
0,46,2,3,2.8134,0.93779,0,0,NaN
0,46,2,1,0.2315,0.2315,0,0,0
0,46,2,2,0.76117,0.38058,0,0,0
0,46,2,3,3.9733,1.3244,0,0,NaN
0,46,2,0,0,0,0,0,0
0,46,2,2,2.3551,1.1776,0,0,NaN
0,46,2,2,1.925,0.96252,0,0,0
0,46,2,0,0,0,0,0,0
0,46,2,5,4.7366,0.94732,2,12.699,6.3495
0,46,2,2,1.5735,0.78676,0,0,0
0,65,2,1,0.33352,0.33352,0,0,NaN
0,65,2,2,0.48383,0.24191,0,0,0
0,65,2,1,0.37897,0.37897,0,0,0
0,65,2,0,0,0,0,0,0
0,65,2,0,0,0,0,0,0
0,65,2,1,0.28283,0.28283,0,0,0
0,65,2,0,0,0,0,0,0
0,65,2,0,0,0,0,0,0
0,65,2,1,0.37292,0.37292,0,0,0
0,65,2,1,0.15489,0.15489,0,0,0
0,66,2,1,1.4584,1.4584,0,0,NaN
0,66,2,2,0.2378,0.1189,2,8.3136,4.1568
0,66,2,1,0.82756,0.82756,0,0,0
0,66,2,0,0,0,0,0,0
0,66,2,2,0.15935,0.079674,2,8.2357,4.1179
0,66,2,1,0.16106,0.16106,0,0,0
0,66,2,1,0.41829,0.41829,0,0,0
0,66,2,1,0.31164,0.31164,0,0,0
0,66,2,1,0.64886,0.64886,0,0,0
0,66,2,2,0.87439,0.4372,0,0,0
0,66,2,2,0.86328,0.43164,0,0,0
0,66,2,1,0.5293,0.5293,0,0,0
0,66,2,1,0.48996,0.48996,0,0,0
0,66,2,2,1.0588,0.52942,0,0,0
0,66,2,1,0.36814,0.36814,0,0,0
0,66,2,2,1.6716,0.8358,0,0,NaN
0,66,2,2,1.0777,0.53883,0,0,0
0,66,2,1,0.41422,0.41422,0,0,0
0,66,2,1,0.29408,0.29408,0,0,0
0,66,2,2,1.0161,0.50805,0,0,0
0,66,2,1,0.61608,0.61608,0,0,0
0,66,2,3,1.5619,0.52063,0,0,0
0,66,2,3,1.5247,0.50823,0,0,0
0,66,2,1,0.67428,0.67428,0,0,0
0,66,2,2,1.0089,0.50445,0,0,0
0,66,2,1,0.69845,0.69845,0,0,0
0,66,2,2,1.6394,0.8197,0,0,NaN
0,66,2,3,1.4077,0.46923,0,0,0
0,66,2,2,0.92219,0.46109,0,0,0
0,66,2,3,0.87849,0.43925,0,0,0
0,66,2,3,1.0465,0.34883,0,0,0
0,66,2,1,0.30685,0.30685,0,0,0
0,66,2,3,1.8115,0.60382,0,0,0
0,66,2,2,1.6409,NaN,0,0,NaN
0,66,2,1,0.34847,0.34847,0,0,0
0,66,2,1,0.39816,0.39816,0,0,0
0,66,2,4,0.92679,0.4634,0,0,0
0,71,2,1,2.3565,2.3565,1,3.6015,3.6015
0,71,2,4,0.92952,NaN,3,18.078,6.026
0,71,2,2,0.49947,0.24974,3,12.97,4.3233
0,71,2,2,0.28228,0.14114,2,9.2431,4.6216
0,71,2,1,0.80949,0.80949,2,7.491,3.7455
0,71,2,2,4.4571,2.2286,0,0,NaN
0,71,2,2,0.31727,0.15864,2,13.967,6.9835
0,71,2,3,2.2515,0.75051,1,3.5833,3.5833
0,71,2,3,1.5475,NaN,2,10.238,5.1191
0,71,2,2,0.30148,0.15074,2,12.24,6.1198
0,71,2,0,0,0,0,0,0
0,71,2,0,0,0,0,0,0
0,71,2,2,4.2958,NaN,0,0,NaN
0,71,2,NaN,NaN,NaN,2,9.6072,4.8036
0,71,2,4,1.2025,0.30064,1,3.8841,3.8841
0,71,2,2,2.71,1.355,1,4.1551,4.1551
0,71,2,1,2.2991,2.2991,0,0,NaN
0,71,2,3,NaN,2.2756,0,0,NaN
0,71,2,1,0.36858,0.36858,0,0,0
0,71,2,2,2.6966,1.3483,2,7.1979,3.5989
0,71,2,1,1.261,1.261,1,3.8491,3.8491
0,71,2,3,2.0592,0.68642,0,0,NaN
0,71,2,1,1.4931,1.4931,0,0,NaN
0,71,2,1,0.42826,0.42826,0,0,0
0,71,2,3,NaN,1.8898,0,0,NaN
0,71,2,1,1.1924,1.1924,0,0,NaN
0,71,2,2,1.3382,0.66908,0,0,NaN
0,71,2,1,0.21649,0.21649,0,0,0
0,71,2,0,0,0,0,0,0
0,71,2,2,2.6583,1.3292,0,0,NaN
0,71,2,4,3.2478,0.81196,0,0,NaN
0,71,2,2,2.6818,NaN,0,0,NaN
0,71,2,1,1.0835,1.0835,0,0,NaN
0,71,2,2,2.0341,1.017,0,0,NaN
0,71,2,0,0,NaN,0,0,0
0,71,2,3,NaN,2.8751,0,0,0
0,71,2,0,0,0,0,0,0
0,71,2,5,NaN,1.3182,0,0,NaN
0,2,2,2,4.3778,2.1889,1,3.479,3.479
0,2,2,2,0.51224,0.25612,0,0,0
0,2,2,1,0.18417,0.18417,0,0,0
0,2,2,1,1.5516,1.5516,0,0,NaN
0,2,2,1,1.7535,1.7535,0,0,NaN
0,2,2,3,0.78068,0.26023,2,10.576,5.2879
0,2,2,2,1.5945,0.79727,0,0,NaN
0,2,2,1,0.26619,0.26619,0,0,0
0,2,2,0,0,0,0,0,0
0,2,2,1,0.33717,0.33717,0,0,0
0,2,2,1,0.40835,0.40835,0,0,0
0,2,2,1,0.30246,0.30246,0,0,0
0,2,2,1,1.1537,1.1537,0,0,NaN
0,2,2,1,0.44834,0.44834,0,0,0
0,2,2,1,1.3247,1.3247,0,0,NaN
0,2,2,2,3.0618,1.5309,0,0,NaN
0,2,2,2,1.3199,0.65997,0,0,NaN
0,2,2,2,0.62256,0.31128,0,0,0
0,2,2,3,3.0176,1.0059,0,0,NaN
0,2,2,0,0,0,0,0,0
0,2,2,3,2.3032,0.76773,1,24.258,24.258
0,2,2,1,0.33225,0.33225,0,0,0
0,2,2,1,0.78398,0.78398,0,0,0
0,2,2,1,0.48576,0.48576,0,0,0
0,2,2,2,1.0927,0.54636,0,0,0
0,2,2,1,1.5345,1.5345,1,3.0697,3.0697
0,60,2,3,1.745,0.58167,0,0,0
0,60,2,0,0,0,0,0,0
0,60,2,2,0.70057,0.35029,0,0,0
0,60,2,3,1.2251,0.40836,0,0,0
0,60,2,0,0,0,0,0,0
0,60,2,3,0.93164,0.31055,0,0,0
0,60,2,1,0.38952,0.38952,0,0,0
0,60,2,2,0.69995,0.34997,0,0,0
0,60,2,1,0.24885,0.24885,0,0,0
0,60,2,1,0.16639,0.16639,0,0,0
0,60,2,1,0.49229,0.49229,0,0,0
0,60,2,1,1.0536,1.0536,0,0,NaN
0,60,2,1,0.31845,0.31845,0,0,0
0,60,2,2,0.51929,0.25965,0,0,0
0,60,2,1,0.36451,0.36451,0,0,0
0,60,2,1,0.34969,0.34969,0,0,0
0,60,2,2,0.96042,0.48021,0,0,0
0,60,2,3,1.3016,0.43388,0,0,0
0,60,2,1,0.31397,0.31397,0,0,0
0,60,2,1,0.35047,0.35047,0,0,0
0,60,2,0,0,0,0,0,0
0,60,2,3,1.3664,0.45546,0,0,0
0,60,2,1,0.50062,0.50062,0,0,0
0,60,2,2,1.2625,0.63125,0,0,0
0,60,2,0,0,0,0,0,0
0,60,2,3,1.0857,0.36189,0,0,0
0,60,2,2,0.35494,0.17747,0,0,0
0,60,2,2,1.1463,0.57315,0,0,0
0,60,2,1,0.20395,0.20395,0,0,0
0,60,2,3,1.2796,0.42655,0,0,0
0,60,2,2,0.65138,0.32569,0,0,0
0,60,2,2,0.51183,0.25592,0,0,0
0,60,2,3,0.82678,0.27559,0,0,0
0,60,2,2,0.59256,0.29628,0,0,0
0,60,2,2,0.83484,0.41742,0,0,0
0,60,2,3,1.2911,0.43038,0,0,0
0,60,2,0,0,0,0,0,0
0,60,2,2,1.5061,0.75306,0,0,0
0,60,2,0,0,0,0,0,0
0,60,2,2,1.1359,0.56793,0,0,0
0,38,2,0,0,0,0,0,0
0,38,2,1,1.4855,1.4855,0,0,NaN
0,38,2,2,0.30156,0.15078,NaN,24.212,6.053
0,38,2,0,0,0,0,0,0
0,38,2,0,0,0,0,0,0
0,38,2,1,0.20249,0.20249,2,8.2114,4.1057
0,38,2,0,0,0,0,0,0
0,38,2,0,0,0,0,0,0
0,38,2,1,0.16716,0.16716,0,0,0
0,38,2,0,0,0,0,0,0
0,38,2,0,0,0,0,0,0
0,38,2,0,0,0,0,0,0
0,38,2,0,0,0,0,0,0
0,38,2,0,0,0,0,0,0
0,38,2,1,0.2808,0.2808,0,0,0
0,38,2,2,0.48458,0.24229,NaN,NaN,20.2
0,38,2,0,0,0,0,0,0
0,38,2,0,0,0,0,0,0
0,38,2,0,0,0,0,0,0
0,38,2,1,0.19562,0.19562,0,0,0
0,38,2,2,0.2904,0.1452,2,9.4452,4.7226
0,38,2,0,0,0,0,0,0
0,38,2,0,0,0,0,0,0
0,38,2,1,1.4533,1.4533,0,0,NaN
0,38,2,1,0.19094,0.19094,0,0,0
0,38,2,0,0,0,0,0,0
0,38,2,0,0,0,0,0,0
0,38,2,1,0.10368,0.10368,1,4.4455,4.4455
0,38,2,0,0,0,0,0,0
0,38,2,3,0.68796,0.22932,NaN,21.122,5.2804
1,15,1,6,5.116,0.85266,1,5.9559,5.9559
1,15,1,2,1.4667,0.73337,2,8.7695,4.3847
1,15,1,2,0.32491,0.16246,0,0,0
1,15,1,2,0.17296,0.086482,2,11.259,5.6294
1,15,1,3,0.7293,0.2431,0,0,0
1,15,1,3,0.95322,0.31774,0,0,0
1,15,1,3,0.92194,0.30731,0,0,0
1,15,1,3,3.6936,1.2312,0,0,NaN
1,15,1,2,1.0479,0.52397,0,0,0
1,15,1,2,0.52458,0.26229,0,0,0
1,15,1,3,0.89166,0.29722,0,0,0
1,15,1,3,0.98546,0.32849,0,0,0
1,15,1,2,0.6449,0.32245,NaN,16.398,4.0995
1,15,1,3,0.85878,0.28626,0,0,0
1,15,1,3,2.5904,0.86347,0,0,NaN
1,15,1,3,0.55228,0.18409,2,12.534,6.267
1,15,1,2,0.34572,0.17286,0,0,0
1,15,1,2,0.56566,0.28283,0,0,0
1,15,1,1,0.19095,0.19095,0,0,0
1,15,1,2,0.41092,0.20546,0,0,0
1,15,1,1,0.37705,0.37705,0,0,0
1,15,1,3,0.91862,0.30621,0,0,0
1,15,1,2,0.60364,0.30182,0,0,0
1,15,1,2,1.2183,0.60916,0,0,NaN
1,15,1,2,1.6419,0.82095,0,0,NaN
1,15,1,3,0.75238,0.25079,0,0,0
1,15,1,3,0.84425,0.28142,0,0,0
1,15,1,2,0.81348,0.40674,0,0,0
1,15,1,4,0.96527,0.24132,0,0,0
1,15,1,2,0.68229,0.34115,0,0,0
1,15,1,2,0.59857,0.29929,0,0,0
1,15,1,3,1.1883,0.39611,0,0,0
1,15,1,4,0.77017,0.19254,3,16.654,5.5515
1,15,1,2,0.38443,0.19221,0,0,0
1,15,1,3,0.69996,0.23332,0,0,0
1,15,1,1,0.37595,0.37595,0,0,0
1,15,1,2,0.57385,0.28692,0,0,0
1,15,1,3,0.67108,0.22369,0,0,0
1,37,1,4,2.9937,0.74841,1,4.8524,4.8524
1,37,1,4,4.3027,1.0757,0,0,0
1,37,1,2,0.60265,0.30133,0,0,0
1,37,1,1,0.54699,0.54699,0,0,0
1,37,1,2,1.2811,0.64057,0,0,0
1,37,1,2,0.4997,0.24985,0,0,0
1,37,1,1,0.29674,0.29674,0,0,0
1,37,1,1,0.43605,0.43605,0,0,0
1,37,1,0,0,0,0,0,0
1,37,1,2,0.89048,0.44524,0,0,0
1,37,1,1,0.36084,0.36084,0,0,0
1,37,1,2,0.90395,0.45198,0,0,0
1,37,1,2,1.3372,0.66862,0,0,0
1,37,1,3,2.1767,0.72556,0,0,0
1,37,1,0,0,0,0,0,0
1,37,1,3,1.0122,0.3374,0,0,0
1,37,1,0,0,0,0,0,0
1,37,1,1,0.042526,0.042526,0,0,0
1,37,1,3,2.1324,0.71082,0,0,NaN
1,37,1,2,3.7755,1.8878,0,0,NaN
1,37,1,1,0.38256,0.38256,0,0,0
1,37,1,3,NaN,NaN,0,0,0
1,37,1,2,0.44208,0.22104,0,0,0
1,37,1,3,1.8907,0.63025,0,0,0
1,37,1,1,0.39378,0.39378,0,0,0
1,37,1,2,1.348,0.67401,0,0,0
1,49,1,1,0.62335,0.62335,0,0,0
1,49,1,1,0.24092,0.24092,0,0,0
1,49,1,2,0.82782,0.41391,0,0,0
1,49,1,1,0.33271,0.33271,0,0,0
1,49,1,0,0,0,0,0,0
1,49,1,1,0.41755,0.41755,0,0,0
1,49,1,0,0,0,0,0,0
1,49,1,1,0.5956,0.5956,0,0,0
1,49,1,2,2.1971,1.0985,0,0,NaN
1,49,1,3,1.1989,0.39964,2,10.571,5.2856
1,49,1,1,0.15626,0.15626,0,0,0
1,49,1,1,0.12395,0.12395,0,0,0
1,49,1,3,1.1912,0.39706,0,0,0
1,49,1,1,0.58951,0.58951,2,9.1816,4.5908
1,49,1,2,0.9873,0.49365,0,0,0
1,49,1,2,0.83796,0.41898,0,0,0
1,49,1,1,0.53316,0.53316,0,0,0
1,49,1,1,0.45349,0.45349,0,0,0
1,49,1,2,0.9315,0.46575,0,0,0
1,49,1,1,0.61383,0.61383,0,0,0
1,49,1,2,0.6877,0.34385,0,0,0
1,49,1,1,0.30384,0.30384,0,0,0
1,49,1,2,0.19674,0.09837,2,10.234,5.117
1,49,1,2,1.3943,0.69714,0,0,0
1,49,1,1,0.34825,0.34825,0,0,0
1,49,1,3,0.98115,0.32705,2,8.1699,4.0849
1,49,1,1,0.31792,0.31792,0,0,0
1,49,1,1,0.27939,0.27939,0,0,0
1,49,1,1,0.38246,0.38246,0,0,0
1,49,1,2,2.166,1.083,1,4.4335,4.4335
1,49,1,2,1.2055,0.60273,0,0,0
1,49,1,1,0.36166,0.36166,0,0,0
1,49,1,1,0.56068,0.56068,0,0,0
1,54,1,3,0.40178,0.13393,3,NaN,8.928
1,54,1,4,0.94966,0.23741,3,16.83,5.6099
1,54,1,2,0.78654,0.39327,2,8.5775,4.2887
1,54,1,4,2.9198,0.72994,0,0,NaN
1,54,1,2,0.65603,0.32802,3,17.321,5.7736
1,54,1,3,1.0354,0.34513,0,0,0
1,54,1,2,1.1483,0.57413,0,0,NaN
1,54,1,2,1.6074,0.8037,0,0,0
1,54,1,3,0.83227,0.27742,0,0,0
1,54,1,4,1.0294,0.25735,1,5.1797,5.1797
1,54,1,4,5.5267,1.3817,0,0,NaN
1,54,1,5,2.71,0.542,0,0,NaN
1,54,1,4,0.80029,0.20007,1,7.6057,7.6057
1,54,1,5,2.8403,0.56807,0,0,0
1,54,1,6,NaN,1.3383,0,0,NaN
1,54,1,5,1.5541,0.31082,0,0,0
1,54,1,NaN,NaN,1.282,0,0,NaN
1,54,1,4,3.1942,0.79854,2,11.798,5.8992
1,54,1,3,2.4045,0.80151,0,0,NaN
1,54,1,7,6.2468,0.8924,0,0,NaN
1,54,1,7,NaN,1.7839,0,0,NaN
1,54,1,4,NaN,1.8913,0,0,NaN
1,54,1,3,1.7056,0.56854,0,0,0
1,54,1,5,5.3015,1.0603,0,0,NaN
1,54,1,4,5.8141,1.4535,0,0,NaN
1,54,1,NaN,6.9484,0.86855,0,0,NaN
1,54,1,NaN,NaN,1.5787,0,0,NaN
1,54,1,7,6.1056,0.87223,0,0,NaN
1,54,1,4,5.0656,1.2664,0,0,NaN
1,54,1,6,4.4426,0.74044,2,8.8457,4.4229
1,54,1,4,6.1963,1.5491,0,0,NaN
1,54,1,4,4.3411,1.0853,0,0,NaN
1,54,1,6,NaN,1.6423,0,0,NaN
1,54,1,4,4.1352,1.0338,0,0,NaN
1,54,1,NaN,NaN,1.4194,1,3.7827,3.7827
1,63,1,5,1.7767,0.35535,2,16.171,8.0853
1,63,1,4,2.2636,0.56589,3,NaN,8.1998
1,63,1,5,NaN,1.5201,NaN,NaN,7.8836
1,63,1,5,2.2222,0.44444,NaN,NaN,8.1823
1,63,1,3,1.4816,0.49385,3,NaN,8.325
1,63,1,2,0.22766,0.11383,NaN,NaN,8.2178
1,63,1,3,0.39213,0.13071,NaN,NaN,6.9491
1,63,1,3,3.0753,1.0251,2,8.8489,4.4244
1,63,1,2,1.0747,0.53733,2,10.408,5.2039
1,63,1,3,3.6858,1.2286,2,9.6088,4.8044
1,63,1,2,1.3567,0.67833,0,0,0
1,63,1,3,2.1772,0.72574,2,6.5863,3.2931
1,63,1,3,1.7694,0.58979,2,9.2885,4.6442
1,63,1,5,2.7923,0.55845,NaN,19.798,4.9494
1,63,1,0,0,0,0,0,0
1,63,1,0,0,0,0,0,0
1,63,1,3,0.76846,0.25615,0,0,0
1,63,1,1,0.65708,0.65708,0,0,0
1,63,1,2,1.6278,0.81392,0,0,0
1,63,1,4,1.6179,0.40449,3,15.311,5.1036
1,63,1,1,0.70472,0.70472,2,10.426,5.213
1,63,1,2,0.73113,0.36556,3,15.271,5.0903
1,63,1,3,3.9024,1.3008,0,0,NaN
1,63,1,2,0.73589,0.36795,2,9.7389,4.8695
1,63,1,1,2.0238,NaN,0,0,NaN
1,63,1,4,2.7926,0.69815,3,16.016,5.3386
1,63,1,2,0.21245,0.10622,3,15.237,5.0791
1,63,1,2,1.1374,0.56871,0,0,0
1,63,1,3,2.3323,0.77744,0,0,0
1,63,1,2,0.19579,0.097894,NaN,19.942,4.9855
1,63,1,1,0.66585,0.66585,0,0,0
1,63,1,2,2.5311,1.2655,0,0,NaN
1,63,1,2,2.2077,1.1039,1,6.6354,6.6354
1,63,1,5,2.4343,0.48686,3,15.948,5.3159
1,63,1,4,1.5192,0.37981,2,10.239,5.1193
1,74,1,3,3.8767,1.2922,0,0,NaN
1,74,1,1,0.16873,0.16873,0,0,0
1,74,1,0,0,0,0,0,0
1,74,1,0,0,0,0,0,0
1,74,1,2,0.77894,0.38947,0,0,0
1,74,1,2,1.6786,0.83929,0,0,NaN
1,74,1,0,0,0,0,0,0
1,74,1,0,0,0,0,0,0
1,74,1,0,0,0,0,0,0
1,74,1,1,0.38651,0.38651,0,0,0
1,74,1,1,0.39582,0.39582,0,0,0
1,74,1,0,0,0,0,0,0
1,74,1,1,0.57412,0.57412,0,0,0
1,74,1,0,0,0,0,0,0
1,74,1,0,0,0,0,0,0
1,74,1,0,0,0,0,0,0
1,74,1,2,1.6694,0.83468,0,0,NaN
1,74,1,0,0,0,0,0,0
1,74,1,0,0,0,0,0,0
1,74,1,2,0.66008,0.33004,0,0,NaN
1,74,1,1,1.0452,1.0452,0,0,NaN
1,74,1,1,0.35101,0.35101,0,0,0
1,74,1,0,0,0,0,0,0
1,74,1,1,0.42816,0.42816,0,0,0
1,74,1,2,1.8707,0.93535,0,0,NaN
1,74,1,1,0.45192,0.45192,0,0,0
1,74,1,2,1.4827,0.74133,0,0,NaN
1,74,1,2,0.43598,0.21799,0,0,0
1,74,1,1,0.54096,0.54096,0,0,0
1,74,1,0,0,0,0,0,0
1,74,1,1,0.35,0.35,0,0,0
1,74,1,3,2.3475,0.7825,0,0,NaN
1,74,1,1,0.14668,0.14668,0,0,0
1,74,1,0,0,0,0,0,0
1,74,1,1,0.4948,0.4948,0,0,0
1,74,1,1,0.31555,0.31555,0,0,0
1,81,1,2,1.7472,0.87359,0,0,NaN
1,81,1,3,1.239,0.41301,2,12.227,6.1134
1,81,1,2,0.17505,0.087524,2,11.176,5.5882
1,81,1,2,0.23136,0.11568,2,10.591,5.2956
1,81,1,2,0.19857,0.099286,2,7.9989,3.9994
1,81,1,2,1.7681,0.88404,0,0,NaN
1,81,1,1,0.57917,0.57917,0,0,0
1,81,1,2,1.3088,0.6544,0,0,0
1,81,1,0,0,0,0,0,0
1,81,1,1,0.98535,0.98535,0,0,NaN
1,81,1,1,0.71552,0.71552,0,0,0
1,81,1,2,0.20981,0.1049,2,9.344,4.672
1,81,1,1,1.2997,1.2997,0,0,NaN
1,81,1,3,1.8414,0.61381,0,0,0
1,81,1,1,0.58852,0.58852,0,0,0
1,81,1,2,1.6659,0.83293,0,0,NaN
1,81,1,2,1.8368,0.91841,0,0,NaN
1,81,1,2,1.9431,0.97157,0,0,0
1,81,1,1,1.2558,1.2558,0,0,NaN
1,81,1,2,0.74223,0.37111,0,0,0
1,81,1,1,1.8849,1.8849,0,0,NaN
1,81,1,2,1.486,0.74301,2,10.545,5.2727
1,81,1,0,0,0,0,0,0
1,81,1,2,1.8788,0.9394,0,0,NaN
1,81,1,3,2.6608,0.88693,0,0,NaN
1,81,1,2,3.407,1.7035,0,0,NaN
1,81,1,2,0.98352,0.49176,0,0,0
1,81,1,4,4.1598,1.0399,2,12.637,6.3185
1,81,1,1,0.93795,0.93795,0,0,NaN
1,81,1,1,0.69873,0.69873,0,0,0
1,81,1,1,1.1094,1.1094,0,0,NaN
1,81,1,0,0,0,0,0,0
1,8,1,1,1.0697,1.0697,1,3.3503,3.3503
1,8,1,1,0.24934,0.24934,0,0,0
1,8,1,3,0.62339,0.2078,2,10.291,5.1454
1,8,1,3,0.91378,0.30459,0,0,0
1,8,1,3,1.0802,0.36005,0,0,0
1,8,1,4,6.3526,1.5882,0,0,NaN
1,8,1,4,2.2877,0.57193,0,0,0
1,8,1,3,1.032,0.34401,0,0,0
1,8,1,3,1.6941,0.5647,0,0,0
1,8,1,2,0.91753,0.45877,0,0,0
1,8,1,4,3.4436,0.8609,1,3.2572,3.2572
1,8,1,5,2.0839,0.41679,0,0,0
1,8,1,4,1.2663,0.31657,0,0,0
1,8,1,2,0.4653,0.23265,0,0,0
1,8,1,2,0.96851,0.48425,0,0,0
1,8,1,2,1.1582,0.5791,0,0,0
1,8,1,3,0.92556,0.30852,1,4.8014,4.8014
1,8,1,2,2.0661,1.0331,0,0,NaN
1,8,1,1,0.079519,0.079519,2,9.1979,4.599
1,8,1,4,3.1149,0.77872,0,0,NaN
1,8,1,2,4.4232,NaN,0,0,NaN
1,8,1,3,0.63779,0.2126,0,0,0
1,8,1,1,0.21299,0.21299,0,0,NaN
1,8,1,3,0.6693,0.2231,2,11.386,5.6929
1,90,1,3,2.135,0.71165,0,0,0
1,90,1,2,0.34544,0.17272,3,9.9142,3.3047
1,90,1,3,1.6093,0.53645,0,0,0
1,90,1,3,1.0093,0.33645,0,0,0
1,90,1,2,0.7255,0.36275,0,0,NaN
1,90,1,1,0.30128,0.30128,0,0,0
1,90,1,5,3.1467,0.62935,0,0,0
1,90,1,4,1.7412,0.4353,0,0,0
1,90,1,5,1.6295,0.32589,0,0,0
1,90,1,5,2.0667,0.41334,0,0,0
1,90,1,2,0.50287,0.25144,0,0,0
1,90,1,4,3.2178,0.80444,0,0,NaN
1,90,1,5,1.2528,0.25056,2,9.0619,4.531
1,90,1,3,1.2046,0.40154,0,0,0
1,90,1,5,2.542,0.5084,0,0,0
1,90,1,3,1.6388,0.54625,0,0,0
1,90,1,3,3.3685,1.1228,0,0,0
1,90,1,2,1.2763,0.63813,0,0,0
1,90,1,0,0,0,0,0,0
1,90,1,2,1.8274,0.91371,0,0,0
1,90,1,2,0.84652,0.42326,0,0,0
1,90,1,6,NaN,1.2507,0,0,NaN
1,90,1,4,1.24,0.31,0,0,0
1,90,1,3,1.6251,0.5417,0,0,0
1,90,1,3,1.0472,0.34905,0,0,0
1,90,1,4,2.6835,0.67089,0,0,0
1,90,1,3,0.83174,0.27725,0,0,0
1,90,1,1,0.55992,0.55992,0,0,0
1,90,1,0,0,0,0,0,0
1,90,1,5,3.4538,0.69076,0,0,0
1,90,1,2,0.54176,0.27088,0,0,0
1,90,1,4,1.4507,0.36268,0,0,0
1,90,1,2,0.65473,0.32736,0,0,0
1,90,1,1,0.37128,0.37128,0,0,0
1,90,1,3,1.6935,0.56449,0,0,0
1,90,1,2,0.56877,0.28438,0,0,0
1,90,1,3,0.62013,0.20671,0,0,0
1,90,1,2,0.76057,0.38028,0,0,0
1,13,1,3,0.44202,0.14734,3,16.435,5.4782
1,13,1,4,2.758,0.68949,NaN,NaN,5.8847
1,13,1,NaN,4.1827,0.46475,1,4.3307,4.3307
1,13,1,6,NaN,1.5841,2,7.8193,3.9097
1,13,1,6,NaN,1.1903,0,0,0
1,13,1,NaN,3.9712,0.4964,0,0,0
1,13,1,6,5.2884,0.8814,0,0,NaN
1,13,1,NaN,NaN,0.7029,0,0,0
1,58,1,2,1.0663,0.53315,1,5.8347,5.8347
1,58,1,1,0.41511,0.41511,0,0,0
1,58,1,2,1.499,0.74948,1,8.4789,8.4789
1,58,1,3,1.2579,0.41929,2,7.8336,3.9168
1,58,1,5,4.8957,0.97915,0,0,NaN
1,58,1,3,1.3389,0.44629,0,0,0
1,58,1,3,1.3298,0.44327,0,0,0
1,58,1,2,1.4749,0.73745,0,0,NaN
1,58,1,4,1.0756,0.2689,0,0,0
1,58,1,3,3.9244,1.3081,0,0,NaN
1,58,1,5,4.2245,0.84491,2,NaN,25.298
1,58,1,5,2.5194,0.50388,0,0,0
1,58,1,2,0.44351,0.22175,0,0,0
1,58,1,3,1.307,0.43567,3,NaN,16.175
1,58,1,2,0.85149,0.42574,0,0,0
1,58,1,5,2.411,0.4822,0,0,0
1,58,1,2,0.82594,0.41297,0,0,0
1,58,1,6,NaN,NaN,0,0,0
1,58,1,3,4.7738,1.5913,1,6.436,6.436
1,58,1,2,1.185,0.59249,2,NaN,18.641
1,77,1,4,2.7078,0.67696,0,0,NaN
1,77,1,2,1.1963,0.59814,0,0,0
1,77,1,2,0.72781,0.3639,0,0,0
1,77,1,2,1.216,0.60799,0,0,0
1,77,1,3,0.66222,0.22074,2,12.502,6.2508
1,77,1,4,2.0042,0.50104,0,0,NaN
1,77,1,2,0.68865,0.34433,0,0,0
1,77,1,3,2.1716,0.72387,0,0,0
1,77,1,2,0.80222,0.40111,0,0,0
1,77,1,2,1.337,0.66851,0,0,0
1,77,1,4,1.8974,0.47435,0,0,NaN
1,77,1,2,0.56682,0.28341,0,0,0
1,77,1,2,0.73779,0.3689,0,0,0
1,77,1,2,0.83979,0.41989,0,0,0
1,77,1,3,1.0734,0.35779,0,0,0
1,77,1,3,1.4596,0.48654,0,0,0
1,77,1,0,0,0,0,0,0
1,77,1,5,6.1389,1.2278,0,0,0
1,77,1,2,0.57226,0.28613,0,0,0
1,77,1,2,0.98262,0.49131,0,0,0
1,77,1,3,1.5574,0.51913,0,0,0
1,77,1,4,2.7708,0.6927,0,0,NaN
1,77,1,5,2.36,0.472,0,0,0
1,77,1,4,2.1281,0.53201,0,0,NaN
1,77,1,5,3.3724,0.67449,0,0,NaN
1,77,1,4,1.9519,0.48798,0,0,0
1,77,1,4,1.3888,0.3472,0,0,0
1,77,1,3,1.0121,0.33737,0,0,0
1,77,1,5,2.0935,0.41871,0,0,0
1,77,1,1,0.60407,0.60407,0,0,0
1,77,1,3,1.982,0.66065,0,0,NaN
1,77,1,4,2.2292,0.5573,0,0,NaN
1,77,1,2,0.90411,0.45206,0,0,0
1,77,1,3,0.95379,0.31793,0,0,0
1,77,1,4,1.4888,0.37219,0,0,0
1,77,1,3,2.4664,0.82212,0,0,NaN
1,77,1,4,2.6368,0.6592,0,0,NaN
1,77,1,3,1.1729,0.39098,0,0,0
1,77,1,1,0.28086,0.28086,0,0,0
1,96,1,0,0,0,0,0,0
1,96,1,0,0,0,0,0,0
1,96,1,1,0.22894,0.22894,0,0,0
1,96,1,3,0.84634,0.28211,2,12.041,6.0207
1,96,1,0,0,0,0,0,0
1,96,1,1,0.24292,0.24292,0,0,0
1,96,1,0,0,0,0,0,0
1,96,1,1,0.19104,0.19104,0,0,0
1,96,1,1,1.2798,1.2798,0,0,NaN
1,96,1,1,0.25943,0.25943,0,0,0
1,96,1,0,0,0,0,0,0
1,96,1,1,0.091775,0.091775,0,0,0
1,96,1,1,0.28986,0.28986,0,0,0
1,96,1,2,0.647,0.3235,0,0,0
1,96,1,1,0.24758,0.24758,0,0,0
1,96,1,0,0,0,0,0,0
1,96,1,1,0.26238,0.26238,0,0,0
1,96,1,1,0.85308,0.85308,0,0,0
1,96,1,3,1.9603,0.65342,0,0,NaN
1,96,1,0,0,0,0,0,0
1,96,1,3,2.2684,0.75614,0,0,NaN
1,96,1,2,0.77768,0.38884,0,0,0
1,96,1,0,0,0,0,0,0
1,96,1,0,0,0,0,0,0
1,96,1,3,0.66151,0.2205,0,0,0
1,96,1,2,0.83064,0.41532,0,0,0
1,96,1,1,0.692,0.692,0,0,0
1,96,1,2,0.23025,0.11513,3,14.128,4.7093
1,96,1,1,0.66676,0.66676,0,0,NaN
1,96,1,1,0.26191,0.26191,0,0,0
1,96,1,2,0.64496,0.32248,1,5.9512,5.9512
1,96,1,0,0,0,0,0,0
1,96,1,1,0.37849,0.37849,0,0,0
1,96,1,0,0,0,0,0,0
1,96,1,1,0.35287,0.35287,0,0,0
1,96,1,1,0.23532,0.23532,0,0,NaN
1,96,1,1,0.35813,0.35813,0,0,NaN
1,96,1,2,0.78198,0.39099,0,0,0
1,96,1,1,0.49977,0.49977,0,0,NaN
1,96,1,1,0.15231,0.15231,0,0,0
1,6,1,3,2.0831,0.69437,0,0,0
1,6,1,1,0.083641,0.083641,1,4.4723,4.4723
1,6,1,2,0.6433,0.32165,1,5.2665,5.2665
1,6,1,1,2.0642,NaN,0,0,NaN
1,6,1,1,0.95352,0.95352,0,0,NaN
1,6,1,0,0,0,0,0,0
1,6,1,1,0.1523,0.1523,0,0,0
1,6,1,2,2.6443,1.3221,2,8.5526,4.2763
1,6,1,0,0,0,0,0,0
1,6,1,2,2.2312,1.1156,0,0,NaN
1,6,1,2,3.2082,1.6041,1,5.1398,5.1398
1,6,1,1,0.060097,0.060097,2,8.328,4.164
1,6,1,2,0.9965,0.49825,0,0,0
1,6,1,2,0.23642,0.11821,2,13.811,6.9056
1,6,1,3,1.9335,0.64449,0,0,NaN
1,6,1,2,0.28152,0.14076,2,11.095,5.5474
1,6,1,1,1.7186,1.7186,0,0,NaN
1,6,1,1,0.21222,0.21222,0,0,0
1,6,1,2,1.7315,0.86575,0,0,NaN
1,6,1,0,0,0,0,0,0
1,6,1,1,0.52951,0.52951,0,0,0
1,6,1,3,0.37404,0.12468,2,11.641,5.8204
1,6,1,0,0,0,0,0,0
1,6,1,2,1.5547,0.77734,0,0,0
1,6,1,4,2.5199,0.62997,0,0,NaN
1,6,1,1,0.33767,0.33767,0,0,0
1,6,1,1,0.14953,0.14953,0,0,0
1,6,1,0,0,0,0,0,0
1,6,1,0,0,0,0,0,0
1,6,1,0,0,0,0,0,0
1,6,1,1,0.25608,0.25608,0,0,0
1,6,1,2,1.0092,0.50462,0,0,0
1,6,1,0,0,0,0,0,0
1,6,1,0,0,0,0,0,0
1,6,1,2,2.5478,1.2739,0,0,NaN
1,6,1,3,2.0749,0.69163,2,9.5446,4.7723
1,6,1,1,0.30442,0.30442,0,0,0
1,6,1,1,1.8695,1.8695,0,0,NaN
1,6,1,2,0.18263,0.091314,2,11.09,5.5452
1,6,1,3,3.1626,1.0542,0,0,NaN
1,29,1,2,3.382,1.691,1,5.9841,5.9841
1,29,1,2,0.21449,0.10724,2,10.923,5.4613
1,29,1,0,0,0,0,0,0
1,29,1,0,0,0,0,0,0
1,29,1,0,0,0,0,0,0
1,29,1,2,1.3411,0.67056,0,0,0
1,29,1,0,0,0,0,0,0
1,29,1,0,0,0,0,0,0
1,29,1,0,0,0,0,0,0
1,29,1,1,0.30267,0.30267,0,0,0
1,29,1,4,4.0227,1.0057,2,11.457,5.7286
1,29,1,1,0.3159,0.3159,0,0,0
1,29,1,1,0.23991,0.23991,0,0,0
1,29,1,1,0.29988,0.29988,0,0,0
1,29,1,1,0.40839,0.40839,0,0,0
1,29,1,1,2.0384,NaN,0,0,NaN
1,29,1,5,3.4251,0.68501,0,0,NaN
1,29,1,3,2.6008,0.86693,0,0,NaN
1,29,1,2,1.5619,0.78097,0,0,NaN
1,29,1,1,0.51194,0.51194,0,0,0
1,29,1,1,1.7252,1.7252,0,0,NaN
1,29,1,1,0.53151,0.53151,1,4.2574,4.2574
1,29,1,0,0,0,0,0,0
1,29,1,2,0.8421,0.42105,0,0,NaN
1,29,1,2,0.86136,0.43068,0,0,NaN
1,29,1,4,2.8358,0.70895,0,0,NaN
1,29,1,1,0.55116,0.55116,0,0,0
1,29,1,4,2.3589,0.58973,0,0,NaN
1,29,1,2,1.0488,0.52439,0,0,0
1,29,1,2,1.0119,0.50595,0,0,0
1,29,1,3,1.8979,0.63263,0,0,0
1,29,1,2,1.2972,0.64858,0,0,0
1,29,1,2,0.9862,0.4931,0,0,0
1,29,1,0,0,0,0,0,0
1,29,1,4,3.4475,0.86187,2,8.5482,4.2741
1,29,1,1,0.44599,0.44599,0,0,0
1,29,1,1,0.5038,0.5038,0,0,0
1,29,1,1,0.4128,0.4128,0,0,0
1,29,1,3,2.2424,0.74745,0,0,NaN
1,52,1,4,1.4571,0.36428,1,4.6957,4.6957
1,52,1,3,1.0703,0.35676,1,6.6149,6.6149
1,52,1,3,3.3576,1.1192,3,18.536,6.1788
1,52,1,3,0.49151,0.16384,NaN,NaN,6.3266
1,52,1,3,3.2972,1.0991,1,11.828,11.828
1,52,1,4,3.5173,0.87933,NaN,NaN,6.2526
1,52,1,4,3.3292,0.83229,2,16.18,8.0902
1,52,1,5,2.7163,0.54325,2,12.875,6.4374
1,52,1,3,0.61913,0.20638,NaN,NaN,5.3697
1,52,1,3,0.7731,0.2577,2,10.698,5.3491
1,52,1,4,1.4707,0.36768,3,17.069,5.6897
1,52,1,0,0,NaN,1,3.0026,3.0026
1,52,1,4,5.0738,1.2684,1,NaN,26.084
1,52,1,6,6.7682,1.128,1,6.3726,6.3726
1,52,1,1,0.56899,0.56899,2,NaN,11.961
1,52,1,0,0,0,0,0,0
1,52,1,3,4.0333,NaN,0,0,NaN
1,52,1,2,3.9666,1.9833,0,0,NaN
1,52,1,1,0.10915,0.10915,2,10.518,5.2588
1,52,1,2,1.2145,0.60726,2,10.798,5.3992
1,52,1,5,4.7953,0.95906,3,NaN,7.088
1,52,1,2,3.1382,1.5691,0,0,NaN
1,52,1,3,1.2532,0.41774,1,5.6609,5.6609
1,52,1,5,5.0744,1.0149,0,0,NaN
1,85,1,1,0.079639,0.079639,1,3.9782,3.9782
1,85,1,1,0.15626,0.15626,2,12.836,6.418
1,85,1,2,0.17333,0.086663,2,8.8234,4.4117
1,85,1,1,0.3984,0.3984,0,0,0
1,85,1,0,0,0,0,0,0
1,85,1,2,1.6192,0.8096,0,0,0
1,85,1,2,2.5745,1.2872,0,0,NaN
1,85,1,0,0,0,0,0,0
1,85,1,1,0.44,0.44,2,8.079,4.0395
1,85,1,0,0,0,0,0,0
1,85,1,0,0,0,0,0,0
1,85,1,2,0.94633,0.47316,0,0,0
1,85,1,2,1.2992,0.64962,0,0,0
1,85,1,2,2.4918,1.2459,0,0,NaN
1,85,1,1,1.0429,1.0429,0,0,NaN
1,85,1,0,0,0,0,0,0
1,85,1,2,1.4751,0.73756,0,0,0
1,85,1,0,0,NaN,1,4.4453,4.4453
1,85,1,4,5.2662,1.3166,1,5.1188,5.1188
1,85,1,0,0,0,0,0,0
1,85,1,2,1.3932,0.6966,0,0,0
1,85,1,1,0.38342,0.38342,0,0,0
1,85,1,3,3.3665,1.1222,0,0,NaN
1,85,1,2,1.7056,0.85281,0,0,NaN
1,85,1,1,0.39635,0.39635,0,0,0
1,85,1,1,0.87839,0.87839,0,0,NaN
1,85,1,2,1.3862,0.6931,0,0,0
1,85,1,3,1.4771,0.49238,0,0,0
1,85,1,3,2.0397,0.6799,1,3.9137,3.9137
1,85,1,1,0.464,0.464,0,0,0
1,85,1,2,0.97225,0.48613,0,0,0
1,85,1,1,0.7024,0.7024,0,0,0
1,85,1,2,1.7021,0.85105,0,0,0
1,85,1,0,0,0,0,0,0
1,85,1,1,0.28953,0.28953,0,0,0
1,85,1,1,0.70654,0.70654,0,0,0
1,85,1,2,1.8511,0.92557,0,0,NaN
1,85,1,2,3.7471,1.8735,1,3.6481,3.6481
1,85,1,1,1.0488,1.0488,0,0,NaN
1,85,1,0,0,0,0,0,0
1,87,1,3,2.8399,0.94663,0,0,NaN
1,87,1,0,0,0,0,0,0
1,87,1,0,0,0,0,0,0
1,87,1,0,0,0,0,0,0
1,87,1,0,0,0,0,0,0
1,87,1,0,0,0,0,0,0
1,87,1,1,1.0968,1.0968,0,0,NaN
1,87,1,0,0,0,0,0,0
1,87,1,0,0,0,0,0,0
1,87,1,2,1.2685,0.63426,0,0,NaN
1,87,1,1,0.71274,0.71274,0,0,0
1,87,1,0,0,0,0,0,0
1,87,1,0,0,0,0,0,0
1,87,1,0,0,0,0,0,0
1,87,1,2,2.3261,1.1631,0,0,NaN
1,87,1,4,3.645,0.91124,0,0,NaN
1,87,1,4,2.8844,0.7211,0,0,NaN
1,87,1,3,2.2443,0.7481,0,0,NaN
1,87,1,4,3.9708,0.99269,0,0,NaN
1,87,1,0,0,0,0,0,0
1,87,1,3,1.3973,0.46578,0,0,0
1,87,1,0,0,0,0,0,0
1,87,1,3,2.65,0.88334,0,0,NaN
1,87,1,4,2.5539,0.63848,0,0,NaN
1,87,1,3,1.5244,0.50812,0,0,NaN
1,87,1,6,3.2991,0.54985,0,0,NaN
1,87,1,2,1.2279,0.61396,0,0,0
1,87,1,2,1.4221,0.71107,0,0,NaN
1,87,1,2,1.4364,0.71818,0,0,0
1,87,1,1,0.3642,0.3642,0,0,0
1,87,1,2,2.5958,1.2979,0,0,NaN
1,87,1,1,0.90495,0.90495,0,0,0
1,87,1,1,0.40865,0.40865,0,0,0
1,87,1,3,3.6723,1.2241,0,0,NaN
1,87,1,4,2.2897,0.57243,0,0,NaN
1,87,1,4,2.739,0.68475,3,19.022,6.3407
1,87,1,2,1.7123,0.85617,0,0,NaN
1,87,1,2,2.4615,1.2307,0,0,NaN
1,87,1,1,0.20633,0.20633,0,0,0
1,3,1,1,0.7096,0.7096,0,0,0
1,3,1,1,0.93969,0.93969,0,0,NaN
1,3,1,2,1.1643,0.58214,0,0,0
1,3,1,3,2.7093,0.90309,0,0,NaN
1,3,1,1,0.62981,0.62981,0,0,0
1,3,1,3,1.8313,0.61044,0,0,NaN
1,3,1,1,0.42284,0.42284,0,0,0
1,3,1,2,1.3919,0.69595,0,0,0
1,3,1,3,3.2924,1.0975,0,0,NaN
1,3,1,1,0.72825,0.72825,0,0,0
1,3,1,4,3.4042,0.85106,0,0,NaN
1,3,1,2,1.0954,0.54771,0,0,0
1,3,1,2,1.0993,0.54964,0,0,0
1,3,1,2,3.3533,1.6766,0,0,NaN
1,3,1,2,2.1809,1.0904,0,0,NaN
1,3,1,1,0.72307,0.72307,0,0,0
1,3,1,3,2.3825,0.79415,0,0,NaN
1,3,1,3,2.2108,0.73693,0,0,0
1,3,1,1,0.48808,0.48808,0,0,0
1,3,1,3,2.3903,0.79677,0,0,NaN
1,3,1,2,1.1392,0.56959,0,0,0
1,3,1,3,2.6523,0.88409,0,0,NaN
1,3,1,2,1.7866,0.89332,0,0,NaN
1,3,1,2,1.7636,0.88179,0,0,NaN
1,3,1,3,2.0373,0.67911,0,0,NaN
1,3,1,2,0.79335,0.39667,0,0,0
1,3,1,2,0.9069,0.45345,2,9.7772,4.8886
1,3,1,1,0.11785,0.11785,2,9.1182,4.5591
1,3,1,1,0.40693,0.40693,1,4.3625,4.3625
1,3,1,2,1.9181,0.95903,0,0,NaN
1,3,1,4,4.2985,1.0746,0,0,NaN
1,3,1,1,0.4491,0.4491,0,0,0
1,3,1,1,0.38276,0.38276,0,0,0
1,3,1,2,0.8097,0.40485,0,0,0
1,3,1,3,2.4381,0.81271,0,0,NaN
1,3,1,2,1.3477,0.67386,0,0,NaN
1,3,1,5,3.6857,0.73714,1,4.3164,4.3164
1,3,1,2,1.0626,0.53131,0,0,0
1,3,1,3,3.0424,1.0141,0,0,NaN
1,30,1,2,0.16702,0.08351,2,12.862,6.4309
1,30,1,2,0.23414,0.11707,2,10.148,5.0741
1,30,1,1,0.23997,0.23997,0,0,0
1,30,1,0,0,0,0,0,0
1,30,1,0,0,0,0,0,0
1,30,1,1,0.32749,0.32749,0,0,0
1,30,1,0,0,0,0,0,0
1,30,1,1,0.62297,0.62297,0,0,0
1,30,1,0,0,0,0,0,0
1,30,1,3,2.0075,0.66917,0,0,NaN
1,30,1,1,0.21176,0.21176,0,0,0
1,30,1,1,0.23861,0.23861,0,0,0
1,30,1,1,0.19872,0.19872,0,0,0
1,30,1,0,0,0,0,0,0
1,30,1,1,0.45805,0.45805,0,0,0
1,30,1,2,0.36111,0.18055,0,0,0
1,30,1,3,0.94989,0.31663,0,0,0
1,30,1,1,0.39587,0.39587,0,0,0
1,30,1,1,0.33228,0.33228,0,0,0
1,30,1,3,1.8443,0.61475,0,0,NaN
1,30,1,2,0.554,0.277,0,0,0
1,30,1,2,0.66849,0.33424,0,0,0
1,30,1,2,0.40054,0.20027,0,0,0
1,30,1,1,0.15233,0.15233,0,0,0
1,30,1,1,0.30931,0.30931,0,0,0
1,30,1,3,1.3201,0.44002,0,0,0
1,30,1,3,1.9824,0.66078,0,0,NaN
1,30,1,2,0.67362,0.33681,0,0,0
1,30,1,2,0.79869,0.39935,0,0,0
1,30,1,3,0.72076,0.24025,0,0,0
1,30,1,3,1.0731,0.35769,0,0,0
1,30,1,4,1.099,0.27475,0,0,0
1,30,1,4,1.9014,0.47535,2,9.6528,4.8264
1,30,1,1,0.13085,0.13085,0,0,0
1,30,1,4,1.3571,0.33927,0,0,0
1,30,1,2,0.88318,0.44159,0,0,0
1,30,1,3,1.6644,0.55481,0,0,0
1,30,1,4,1.7833,0.44583,0,0,0
1,30,1,3,1.298,0.43268,0,0,0
1,30,1,3,0.99957,0.33319,0,0,0
1,15,2,1,0.18892,0.18892,0,0,0
1,15,2,1,0.10599,0.10599,0,0,0
1,15,2,1,0.27541,0.27541,0,0,0
1,15,2,3,0.9791,0.32637,0,0,0
1,15,2,2,0.81574,0.40787,0,0,0
1,15,2,2,0.42197,0.21099,0,0,0
1,15,2,3,1.3317,0.44391,0,0,0
1,15,2,3,1.1086,0.36953,0,0,0
1,15,2,2,0.43109,0.21554,0,0,0
1,15,2,3,1.3455,0.44852,0,0,0
1,15,2,0,0,0,0,0,0
1,15,2,3,0.86792,0.28931,0,0,0
1,15,2,2,0.47973,0.23986,0,0,0
1,15,2,1,0.23138,0.23138,0,0,0
1,15,2,2,0.69698,0.34849,0,0,0
1,15,2,0,0,0,0,0,0
1,15,2,2,0.72175,0.36088,0,0,0
1,15,2,2,0.89359,0.44679,0,0,0
1,15,2,4,1.2024,0.30059,0,0,0
1,15,2,2,0.41992,0.20996,0,0,0
1,15,2,2,0.47116,0.23558,0,0,0
1,15,2,1,0.38036,0.38036,0,0,0
1,15,2,1,0.21769,0.21769,0,0,0
1,15,2,2,0.32976,0.16488,0,0,0
1,15,2,3,1.0486,0.34953,0,0,0
1,15,2,3,1.4008,0.46692,0,0,0
1,15,2,3,1.0267,0.34223,0,0,0
1,15,2,2,0.98308,0.49154,0,0,0
1,15,2,3,0.89867,0.29956,0,0,0
1,15,2,2,0.82799,0.41399,0,0,0
1,15,2,0,0,0,0,0,0
1,15,2,3,0.86747,0.28916,0,0,0
1,15,2,4,1.0716,0.26791,0,0,0
1,15,2,1,0.12489,0.12489,0,0,0
1,15,2,2,1.314,0.65701,0,0,0
1,15,2,5,2.1246,0.42492,0,0,0
1,15,2,1,0.44517,0.44517,0,0,0
1,15,2,3,1.8574,0.61912,0,0,0
1,37,2,2,1.2233,0.61165,0,0,0
1,37,2,1,0.19569,0.19569,0,0,0
1,37,2,0,0,0,0,0,0
1,37,2,0,0,0,0,0,0
1,37,2,1,1.1872,1.1872,0,0,0
1,37,2,5,3.3039,0.66079,1,4.9869,4.9869
1,37,2,0,0,0,0,0,0
1,37,2,4,2.4247,0.60617,0,0,0
1,37,2,2,1.1728,0.58641,2,NaN,8.7637
1,37,2,1,2.0145,NaN,0,0,NaN
1,37,2,2,1.3067,0.65333,0,0,0
1,37,2,2,1.1185,0.55927,0,0,0
1,37,2,3,1.7575,0.58582,0,0,0
1,37,2,2,2.8247,1.4123,2,14.986,7.4928
1,37,2,1,0.42442,0.42442,0,0,0
1,37,2,0,0,0,0,0,0
1,37,2,2,0.64993,0.32496,0,0,0
1,37,2,2,1.1842,0.5921,0,0,0
1,37,2,2,1.9947,0.99735,0,0,NaN
1,37,2,2,0.70893,0.35446,0,0,0
1,37,2,1,1.1556,1.1556,0,0,0
1,37,2,5,2.1334,0.42668,0,0,0
1,37,2,3,2.3632,0.78773,0,0,0
1,37,2,2,1.3035,0.65177,0,0,0
1,37,2,5,2.2981,0.45963,0,0,0
1,37,2,2,2.4446,1.2223,0,0,0
1,49,2,0,0,0,0,0,0
1,49,2,1,0.42702,0.42702,0,0,0
1,49,2,1,0.52922,0.52922,0,0,0
1,49,2,3,1.8435,0.61449,0,0,NaN
1,49,2,1,0.58532,0.58532,0,0,0
1,49,2,0,0,0,0,0,0
1,49,2,1,0.36395,0.36395,0,0,0
1,49,2,2,1.1188,0.5594,0,0,0
1,49,2,1,0.90131,0.90131,0,0,0
1,49,2,2,1.5293,0.76464,0,0,NaN
1,49,2,1,0.34549,0.34549,0,0,0
1,49,2,3,6.41,NaN,0,0,NaN
1,49,2,2,0.17524,0.087618,2,10.56,5.2798
1,49,2,1,0.63293,0.63293,0,0,0
1,49,2,1,0.098813,0.098813,0,0,0
1,49,2,1,0.22264,0.22264,0,0,0
1,49,2,0,0,0,0,0,0
1,49,2,2,0.15423,0.077114,2,9.417,4.7085
1,49,2,2,0.69242,0.34621,0,0,0
1,49,2,0,0,0,0,0,0
1,49,2,0,0,0,0,0,0
1,49,2,2,0.77415,0.38707,0,0,0
1,49,2,3,1.1518,0.38394,0,0,0
1,49,2,4,0.93616,0.23404,2,9.7797,4.8899
1,49,2,1,0.56435,0.56435,0,0,0
1,49,2,1,0.12603,0.12603,0,0,0
1,49,2,2,0.57791,0.28895,0,0,0
1,49,2,2,1.0088,0.50441,0,0,0
1,49,2,1,0.39992,0.39992,0,0,0
1,49,2,0,0,0,0,0,0
1,49,2,2,0.64395,0.32198,NaN,13.927,4.6423
1,49,2,1,0.52424,0.52424,0,0,0
1,49,2,0,0,0,0,0,0
1,54,2,3,2.5644,0.8548,1,4.7122,4.7122
1,54,2,5,1.5559,0.31119,2,9.9016,4.9508
1,54,2,1,0.19552,0.19552,0,0,0
1,54,2,6,NaN,1.6039,2,7.0114,3.5057
1,54,2,4,4.5798,1.1449,0,0,NaN
1,54,2,2,1.3268,0.66339,1,5.8332,5.8332
1,54,2,4,5.4244,1.3561,0,0,NaN
1,54,2,5,5.0004,1.0001,0,0,NaN
1,54,2,5,NaN,1.6347,0,0,NaN
1,54,2,4,5.6762,1.4191,0,0,NaN
1,54,2,2,2.682,1.341,1,3.1329,3.1329
1,54,2,4,1.352,0.338,1,4.2513,4.2513
1,54,2,4,4.2246,1.0561,1,3.191,3.191
1,54,2,2,0.4566,0.2283,NaN,NaN,6.1107
1,54,2,NaN,NaN,1.1918,0,0,NaN
1,54,2,3,3.4346,1.1449,0,0,NaN
1,54,2,3,1.968,0.65601,0,0,NaN
1,54,2,5,2.7056,0.54112,2,14.239,7.1193
1,54,2,3,2.893,0.96435,0,0,NaN
1,54,2,2,2.1667,1.0833,0,0,NaN
1,54,2,4,2.7656,0.69141,0,0,NaN
1,54,2,6,NaN,1.4898,0,0,NaN
1,54,2,NaN,NaN,1.5217,0,0,NaN
1,54,2,6,NaN,1.3513,0,0,NaN
1,54,2,5,5.5161,1.1032,1,3.1924,3.1924
1,54,2,NaN,NaN,1.6934,0,0,NaN
1,54,2,6,NaN,NaN,2,6.1986,3.0993
1,63,2,4,0.84178,0.21044,NaN,NaN,5.1134
1,63,2,3,0.85338,0.28446,NaN,NaN,5.7204
1,63,2,4,3.5632,0.8908,NaN,NaN,6.6545
1,63,2,3,3.2804,1.0935,NaN,13.671,4.5571
1,63,2,4,1.4668,0.36669,2,11.168,5.584
1,63,2,1,0.063085,0.063085,2,7.1785,3.5893
1,63,2,2,1.7935,0.89676,0,0,NaN
1,63,2,1,0.059774,0.059774,NaN,15.576,5.1921
1,63,2,0,0,0,0,0,0
1,63,2,2,2.9972,1.4986,1,3.9721,3.9721
1,63,2,1,0.094164,0.094164,2,8.8222,4.4111
1,63,2,3,1.0791,0.35971,NaN,NaN,5.6897
1,63,2,3,3.5641,1.188,2,9.583,4.7915
1,63,2,1,2.1563,NaN,0,0,NaN
1,63,2,3,3.1281,1.0427,2,8.2726,4.1363
1,63,2,3,1.6662,0.55541,0,0,0
1,63,2,2,1.0878,0.54391,0,0,0
1,63,2,1,0.94099,0.94099,0,0,0
1,63,2,3,3.8286,1.2762,0,0,NaN
1,63,2,4,2.9141,0.72852,0,0,0
1,63,2,2,1.2953,0.64767,0,0,0
1,63,2,1,0.37912,0.37912,0,0,0
1,63,2,2,1.0052,0.50258,2,8.6316,4.3158
1,63,2,2,2.306,1.153,0,0,NaN
1,63,2,4,1.6892,0.4223,2,9.9296,4.9648
1,63,2,2,1.7792,0.88958,0,0,NaN
1,63,2,1,0.34192,0.34192,0,0,0
1,63,2,2,1.7604,0.88021,0,0,NaN
1,63,2,3,1.4519,0.48396,0,0,0
1,63,2,2,1.3731,0.68654,0,0,0
1,63,2,3,2.5253,0.84177,0,0,NaN
1,63,2,1,0.78731,0.78731,0,0,0
1,63,2,1,0.89828,0.89828,0,0,0
1,63,2,1,0.35742,0.35742,0,0,0
1,63,2,0,0,0,0,0,0
1,74,2,2,0.41249,0.20624,0,0,0
1,74,2,2,0.20571,0.10285,2,13.429,6.7146
1,74,2,0,0,0,0,0,0
1,74,2,1,0.46473,0.46473,0,0,0
1,74,2,0,0,0,0,0,0
1,74,2,0,0,0,0,0,0
1,74,2,0,0,0,0,0,0
1,74,2,0,0,0,0,0,0
1,74,2,0,0,0,0,0,0
1,74,2,0,0,0,0,0,0
1,74,2,0,0,0,0,0,0
1,74,2,0,0,0,0,0,0
1,74,2,0,0,0,0,0,0
1,74,2,0,0,0,0,0,0
1,74,2,0,0,0,0,0,0
1,74,2,0,0,0,0,0,0
1,74,2,0,0,0,0,0,0
1,74,2,2,1.2475,0.62375,0,0,NaN
1,74,2,0,0,0,0,0,0
1,74,2,1,1.0712,1.0712,0,0,0
1,74,2,0,0,0,0,0,0
1,74,2,0,0,0,0,0,0
1,74,2,0,0,0,0,0,0
1,74,2,0,0,0,0,0,0
1,74,2,0,0,0,0,0,0
1,74,2,0,0,0,0,0,0
1,74,2,0,0,0,0,0,0
1,74,2,3,2.2282,0.74273,0,0,NaN
1,74,2,1,0.88516,0.88516,0,0,NaN
1,74,2,0,0,0,0,0,0
1,74,2,0,0,0,0,0,0
1,74,2,0,0,0,0,0,0
1,74,2,2,0.71619,0.35809,0,0,0
1,74,2,0,0,0,0,0,0
1,74,2,0,0,0,0,0,0
1,74,2,0,0,0,0,0,0
1,81,2,1,0.14195,0.14195,1,6.1839,6.1839
1,81,2,3,4.8721,1.624,1,9.1468,9.1468
1,81,2,1,1.3075,1.3075,0,0,NaN
1,81,2,2,1.0134,0.50669,0,0,0
1,81,2,3,3.4026,1.1342,1,4.4657,4.4657
1,81,2,1,1.3093,1.3093,0,0,NaN
1,81,2,1,1.0787,1.0787,0,0,NaN
1,81,2,2,0.27021,0.13511,2,12.117,6.0583
1,81,2,2,3.8747,NaN,0,0,NaN
1,81,2,3,3.5979,1.1993,2,8.8307,4.4153
1,81,2,1,0.65757,0.65757,0,0,0
1,81,2,1,1.6368,1.6368,0,0,NaN
1,81,2,2,0.24553,0.12276,2,12.793,6.3966
1,81,2,2,0.22752,0.11376,2,11.561,5.7807
1,81,2,1,1.3056,1.3056,0,0,NaN
1,81,2,1,0.70921,0.70921,0,0,NaN
1,81,2,2,1.8064,0.90318,0,0,NaN
1,81,2,2,3.0087,1.5044,1,3.5633,3.5633
1,81,2,0,0,0,0,0,NaN
1,81,2,1,1.1389,1.1389,0,0,NaN
1,81,2,0,0,0,0,0,0
1,81,2,2,1.6751,0.83754,0,0,NaN
1,81,2,2,1.2151,0.60756,0,0,NaN
1,81,2,0,0,0,0,0,0
1,81,2,2,1.6131,0.80656,0,0,NaN
1,81,2,0,0,0,0,0,0
1,81,2,2,1.0086,0.50428,0,0,0
1,81,2,3,3.2539,1.0846,0,0,0
1,81,2,2,1.0017,0.50083,0,0,0
1,81,2,1,0.94095,0.94095,0,0,NaN
1,81,2,1,0.43555,0.43555,0,0,0
1,81,2,1,0.77056,0.77056,0,0,0
1,8,2,4,1.4417,0.36043,1,4.2399,4.2399
1,8,2,1,0.28384,0.28384,0,0,0
1,8,2,3,1.6294,0.54312,0,0,0
1,8,2,1,0.1718,0.1718,NaN,13.913,4.6378
1,8,2,1,0.3363,0.3363,0,0,0
1,8,2,2,0.66905,0.33453,0,0,0
1,8,2,2,0.79868,0.39934,0,0,0
1,8,2,5,NaN,1.3982,0,0,NaN
1,8,2,2,0.51423,0.25711,0,0,0
1,8,2,3,0.75585,0.25195,0,0,0
1,8,2,2,1.537,0.76852,0,0,0
1,8,2,3,0.6927,0.2309,2,7.7324,3.8662
1,8,2,5,5.2119,1.0424,0,0,NaN
1,8,2,3,2.618,0.87267,0,0,NaN
1,8,2,3,4.4043,1.4681,1,4.5742,4.5742
1,8,2,3,0.75304,0.25101,2,9.1838,4.5919
1,8,2,3,0.84094,0.28031,2,7.6896,3.8448
1,8,2,2,0.47086,0.23543,0,0,0
1,8,2,5,2.4695,0.4939,1,4.7057,4.7057
1,8,2,3,1.4039,0.46796,0,0,0
1,8,2,3,3.236,1.0787,2,7.2181,3.6091
1,8,2,5,4.394,0.87881,1,3.7296,3.7296
1,8,2,5,2.9746,0.59492,2,9.6538,4.8269
1,8,2,4,3.0001,0.75001,0,0,NaN
1,28,2,2,0.18248,0.09124,NaN,13.085,4.3615
1,28,2,1,0.14642,0.14642,NaN,NaN,6.0512
1,28,2,2,0.19153,0.095766,NaN,NaN,4.8835
1,28,2,3,1.3366,0.44553,1,3.7822,3.7822
1,28,2,2,1.3389,0.66943,1,5.8653,5.8653
1,28,2,2,0.23357,0.11678,NaN,NaN,10.101
1,28,2,1,0.10785,0.10785,2,11.024,5.512
1,28,2,1,0.88929,0.88929,0,0,0
1,28,2,1,2.8755,NaN,2,NaN,9.5908
1,28,2,3,0.67834,0.22611,1,3.1242,3.1242
1,28,2,1,0.055788,0.055788,2,10.906,5.453
1,28,2,1,0.37483,0.37483,0,0,0
1,28,2,1,0.11053,0.11053,1,4.2008,4.2008
1,28,2,1,0.85416,0.85416,1,5.8396,5.8396
1,28,2,0,0,NaN,NaN,14.137,4.7124
1,28,2,2,0.55735,0.27867,1,4.5699,4.5699
1,28,2,1,0.15434,0.15434,2,14.64,NaN
1,28,2,1,0.71298,0.71298,NaN,14.46,4.82
1,28,2,0,0,0,0,0,0
1,28,2,1,1.0096,1.0096,0,0,0
1,28,2,1,1.6518,1.6518,0,0,NaN
1,28,2,2,0.24107,0.12053,NaN,15.944,5.3148
1,28,2,0,0,0,0,0,0
1,28,2,2,1.6072,0.80362,2,10.01,5.0049
1,28,2,2,0.94468,0.47234,0,0,0
1,28,2,1,0.083678,0.083678,1,5.0515,NaN
1,28,2,1,0.07868,0.07868,1,4.3563,4.3563
1,28,2,1,0.89036,0.89036,0,0,0
1,28,2,2,0.7206,0.3603,1,5.494,5.494
1,28,2,1,0.11056,0.11056,2,7.9702,3.9851
1,28,2,2,1.2614,0.63072,0,0,0
1,28,2,1,0.32917,0.32917,0,0,0
1,28,2,3,4.7781,1.5927,0,0,NaN
1,28,2,2,1.3468,0.67342,0,0,0
1,90,2,4,3.3406,0.83516,0,0,NaN
1,90,2,3,1.5849,0.52831,0,0,0
1,90,2,3,4.9169,1.639,0,0,NaN
1,90,2,4,6.1438,1.5359,0,0,NaN
1,90,2,1,0.57425,0.57425,0,0,0
1,90,2,1,0.62777,0.62777,0,0,0
1,90,2,4,1.2741,0.31852,0,0,0
1,90,2,6,5.9117,0.98528,0,0,NaN
1,90,2,3,1.8788,0.62627,0,0,NaN
1,90,2,2,1.5187,0.75934,0,0,0
1,90,2,3,1.1621,0.38736,0,0,0
1,90,2,3,1.5018,0.5006,0,0,0
1,90,2,2,1.3068,0.6534,0,0,0
1,90,2,3,1.5202,0.50672,0,0,0
1,90,2,3,1.1627,0.38755,0,0,0
1,90,2,2,0.82394,0.41197,0,0,0
1,90,2,5,2.011,0.4022,0,0,0
1,90,2,4,2.7444,0.68611,0,0,0
1,90,2,4,2.4184,0.60461,0,0,0
1,90,2,3,1.2965,0.43217,0,0,0
1,90,2,1,0.33685,0.33685,0,0,0
1,90,2,3,1.2084,0.40281,0,0,0
1,90,2,5,2.3555,0.47111,0,0,0
1,90,2,4,2.7773,0.69432,0,0,NaN
1,90,2,2,1.3115,0.65577,0,0,NaN
1,90,2,2,1.3914,0.69572,0,0,0
1,90,2,2,0.64111,0.32055,0,0,0
1,90,2,3,1.4146,0.47155,0,0,0
1,90,2,2,0.88731,0.44365,0,0,0
1,90,2,6,2.8215,0.47025,0,0,0
1,90,2,3,2.3633,0.78776,0,0,0
1,90,2,4,3.5143,0.87858,0,0,NaN
1,90,2,3,2.3047,0.76824,0,0,NaN
1,90,2,1,0.43642,0.43642,0,0,0
1,90,2,2,1.0824,0.54118,0,0,0
1,90,2,2,0.78069,0.39034,0,0,0
1,90,2,2,1.7631,0.88153,0,0,NaN
1,90,2,3,2.5006,0.83354,0,0,0
1,13,2,2,1.7004,0.85021,0,0,NaN
1,13,2,2,1.7384,0.86918,0,0,0
1,13,2,1,0.1887,0.1887,0,0,0
1,13,2,4,3.7872,0.94681,2,NaN,18.193
1,13,2,5,1.6763,0.33527,0,0,0
1,13,2,NaN,NaN,1.1027,2,12.265,6.1325
1,13,2,NaN,3.242,0.46314,0,0,0
1,13,2,5,1.2457,0.24913,0,0,0
1,58,2,2,1.109,0.5545,2,NaN,8.9418
1,58,2,5,1.8206,0.36412,2,10.393,5.1963
1,58,2,2,0.59868,0.29934,0,0,0
1,58,2,2,0.85794,0.42897,0,0,0
1,58,2,1,0.78097,0.78097,2,NaN,20.804
1,58,2,4,2.0373,NaN,0,0,0
1,58,2,1,2.4567,2.4567,0,0,0
1,58,2,2,1.3644,0.68222,0,0,NaN
1,58,2,4,3.1038,0.77595,0,0,NaN
1,58,2,3,1.2305,0.41017,0,0,0
1,58,2,6,1.8825,0.31374,0,0,0
1,58,2,6,2.3969,NaN,0,0,0
1,58,2,6,NaN,2.3843,0,0,0
1,58,2,3,1.4162,0.47207,0,0,0
1,58,2,NaN,6.0537,0.60537,0,0,NaN
1,58,2,2,0.8281,0.41405,0,0,0
1,58,2,4,4.9726,1.2432,0,0,NaN
1,58,2,NaN,3.3153,0.47362,0,0,0
1,58,2,4,1.4675,0.36688,0,0,0
1,58,2,NaN,3.0736,0.43909,0,0,0
1,77,2,4,2.4689,0.61723,0,0,NaN
1,77,2,1,0.32873,0.32873,0,0,0
1,77,2,2,0.97091,0.48546,0,0,0
1,77,2,3,2.8552,0.95172,2,9.7552,4.8776
1,77,2,2,2.1001,1.05,0,0,NaN
1,77,2,3,1.2882,0.42941,0,0,0
1,77,2,2,0.70508,0.35254,0,0,0
1,77,2,3,2.661,0.887,0,0,NaN
1,77,2,3,1.148,0.38266,0,0,0
1,77,2,3,0.96201,0.32067,0,0,NaN
1,77,2,3,1.99,0.66332,0,0,NaN
1,77,2,2,1.4125,0.70623,0,0,NaN
1,77,2,2,0.66412,0.33206,0,0,0
1,77,2,2,0.55398,0.27699,0,0,0
1,77,2,2,0.50691,0.25345,0,0,0
1,77,2,4,1.9624,0.49059,0,0,0
1,77,2,3,1.69,0.56332,0,0,NaN
1,77,2,1,0.38893,0.38893,0,0,0
1,77,2,2,1.8071,0.90355,0,0,NaN
1,77,2,1,0.96855,0.96855,0,0,NaN
1,77,2,3,0.78221,0.26074,0,0,0
1,77,2,2,0.8684,0.4342,0,0,0
1,77,2,2,0.86868,0.43434,0,0,0
1,77,2,2,0.72496,0.36248,0,0,0
1,77,2,4,1.225,0.30624,0,0,0
1,77,2,3,1.4227,0.47423,0,0,0
1,77,2,3,1.0523,0.35077,0,0,0
1,77,2,2,1.5438,0.77191,0,0,NaN
1,77,2,5,2.3884,0.47768,0,0,NaN
1,77,2,3,1.029,0.34302,2,9.6023,4.8012
1,77,2,3,1.2952,0.43174,0,0,0
1,77,2,5,3.7325,0.7465,0,0,NaN
1,77,2,3,1.1489,0.38295,0,0,0
1,77,2,4,2.3054,0.57635,0,0,0
1,77,2,5,2.5593,0.51186,0,0,0
1,77,2,2,0.59226,0.29613,0,0,0
1,77,2,4,2.7951,0.69877,0,0,0
1,77,2,3,0.92387,0.30796,0,0,0
1,77,2,3,1.9272,0.64239,0,0,NaN
1,96,2,5,2.917,0.5834,2,10.157,5.0785
1,96,2,0,0,0,0,0,0
1,96,2,0,0,0,0,0,0
1,96,2,0,0,0,0,0,0
1,96,2,0,0,0,0,0,0
1,96,2,0,0,0,0,0,0
1,96,2,3,1.3751,0.45838,0,0,NaN
1,96,2,2,0.65692,0.32846,0,0,0
1,96,2,0,0,0,0,0,0
1,96,2,0,0,0,0,0,0
1,96,2,1,0.064988,0.064988,0,0,0
1,96,2,1,0.29478,0.29478,0,0,0
1,96,2,3,0.87019,0.29006,2,10.405,5.2025
1,96,2,0,0,0,0,0,0
1,96,2,0,0,0,0,0,0
1,96,2,1,0.221,0.221,0,0,0
1,96,2,0,0,0,0,0,0
1,96,2,2,0.24789,0.12394,2,11.505,5.7526
1,96,2,0,0,0,0,0,0
1,96,2,2,0.26014,0.13007,2,10.555,5.2777
1,96,2,0,0,0,0,0,0
1,96,2,1,0.43028,0.43028,0,0,0
1,96,2,0,0,0,0,0,0
1,96,2,2,0.51684,0.25842,0,0,0
1,96,2,3,0.70071,0.23357,0,0,0
1,96,2,4,1.1621,0.29053,0,0,0
1,96,2,0,0,0,0,0,0
1,96,2,1,0.26158,0.26158,0,0,0
1,96,2,2,0.51475,0.25737,0,0,0
1,96,2,3,0.68143,0.22714,0,0,0
1,96,2,1,0.55146,0.55146,0,0,0
1,96,2,2,0.77324,0.38662,0,0,0
1,96,2,5,1.6025,0.32051,0,0,0
1,96,2,3,1.3551,0.4517,0,0,0
1,96,2,1,0.095278,0.095278,0,0,0
1,96,2,2,0.6269,0.31345,0,0,0
1,96,2,4,1.5994,0.39986,0,0,0
1,96,2,4,1.5232,0.3808,0,0,0
1,96,2,5,1.9412,0.38824,0,0,NaN
1,96,2,1,0.70876,0.70876,0,0,NaN
1,6,2,1,0.086387,0.086387,1,3.9963,NaN
1,6,2,0,0,0,0,0,0
1,6,2,1,1.5974,1.5974,0,0,NaN
1,6,2,0,0,0,0,0,0
1,6,2,0,0,0,0,0,0
1,6,2,0,0,0,0,0,0
1,6,2,1,0.36509,NaN,0,0,0
1,6,2,1,2.0537,2.0537,0,0,NaN
1,6,2,0,0,0,0,0,0
1,6,2,2,1.3299,0.66494,1,6.0865,6.0865
1,6,2,2,1.7015,0.85075,2,8.7921,4.3961
1,6,2,1,1.1107,1.1107,0,0,NaN
1,6,2,0,0,0,0,0,0
1,6,2,0,0,0,0,0,0
1,6,2,0,0,0,0,0,0
1,6,2,0,0,0,0,0,0
1,6,2,0,0,0,0,0,0
1,6,2,0,0,0,0,0,0
1,6,2,2,2.999,1.4995,2,8.2004,NaN
1,6,2,0,0,0,0,0,0
1,6,2,1,0.79997,0.79997,0,0,0
1,6,2,3,2.2487,0.74956,0,0,NaN
1,6,2,1,0.29765,0.29765,0,0,0
1,6,2,2,1.366,0.68299,0,0,NaN
1,6,2,0,0,0,0,0,0
1,6,2,0,0,0,0,0,0
1,6,2,2,1.6288,0.8144,0,0,NaN
1,6,2,1,0.38615,0.38615,0,0,0
1,6,2,2,1.8099,0.90495,0,0,0
1,6,2,1,0.5837,0.5837,0,0,0
1,6,2,3,2.7408,0.9136,0,0,NaN
1,6,2,2,1.8514,0.92572,0,0,0
1,6,2,0,0,0,0,0,0
1,6,2,0,0,0,0,0,0
1,6,2,1,0.61574,0.61574,0,0,0
1,6,2,0,0,0,0,0,0
1,6,2,0,0,0,0,0,0
1,6,2,0,0,0,0,0,0
1,6,2,1,0.11814,0.11814,0,0,0
1,6,2,0,0,0,0,0,0
1,29,2,2,1.7622,0.88112,2,9.1145,4.5573
1,29,2,2,0.20046,0.10023,2,11.339,5.6696
1,29,2,3,0.5343,0.1781,NaN,NaN,7.6314
1,29,2,1,0.46214,0.46214,0,0,0
1,29,2,1,0.67865,0.67865,0,0,0
1,29,2,0,0,0,0,0,0
1,29,2,1,1.0283,1.0283,0,0,NaN
1,29,2,1,0.52615,0.52615,0,0,0
1,29,2,1,0.51315,0.51315,0,0,0
1,29,2,0,0,0,0,0,0
1,29,2,1,0.66258,0.66258,0,0,0
1,29,2,0,0,0,0,0,0
1,29,2,2,0.95329,0.47664,0,0,0
1,29,2,0,0,0,0,0,0
1,29,2,0,0,0,0,0,0
1,29,2,1,0.49927,0.49927,0,0,0
1,29,2,2,0.55507,0.27753,0,0,0
1,29,2,0,0,0,0,0,0
1,29,2,3,2.382,0.794,0,0,NaN
1,29,2,0,0,0,0,0,0
1,29,2,2,0.96243,0.48122,0,0,0
1,29,2,2,1.1046,0.55232,0,0,NaN
1,29,2,0,0,0,0,0,0
1,29,2,2,1.1555,0.57775,0,0,0
1,29,2,0,0,0,0,0,0
1,29,2,1,0.63874,0.63874,0,0,0
1,29,2,0,0,0,0,0,0
1,29,2,2,0.82589,0.41294,0,0,0
1,29,2,1,0.61377,0.61377,0,0,0
1,29,2,2,1.2124,0.60622,0,0,0
1,29,2,1,0.41434,0.41434,0,0,0
1,29,2,0,0,0,0,0,0
1,29,2,2,1.8218,0.9109,0,0,0
1,29,2,2,1.0983,0.54917,0,0,0
1,29,2,3,3.5527,1.1842,0,0,NaN
1,29,2,2,1.1351,0.56756,0,0,0
1,29,2,3,1.6341,0.54471,0,0,0
1,29,2,1,0.48627,0.48627,0,0,0
1,29,2,0,0,0,0,0,0
1,52,2,6,NaN,1.5751,-1,0,-0
1,52,2,3,4.089,1.363,2,10.978,5.4891
1,52,2,0,0,0,0,0,0
1,52,2,6,NaN,1.7709,0,0,NaN
1,52,2,1,0.32037,0.32037,0,0,0
1,52,2,2,1.6908,0.84541,2,8.5549,4.2775
1,52,2,6,1.647,0.2745,2,10.415,5.2076
1,52,2,3,5.1766,1.7255,0,0,NaN
1,52,2,2,2.5635,1.2818,1,8.7523,8.7523
1,52,2,2,0.82332,0.41166,0,0,0
1,52,2,0,0,NaN,2,9.5785,4.7893
1,52,2,6,5.053,0.84216,0,0,NaN
1,52,2,6,6.2891,1.0482,0,0,NaN
1,52,2,3,1.1511,0.38371,2,8.9342,4.4671
1,52,2,5,3.7469,0.74937,0,0,NaN
1,52,2,NaN,NaN,1.1975,0,0,NaN
1,52,2,2,1.3348,0.66739,0,0,0
1,52,2,5,3.6131,0.72261,NaN,NaN,17.858
1,52,2,5,5.3384,1.0677,0,0,NaN
1,52,2,4,1.9589,0.48973,0,0,NaN
1,52,2,4,2.9177,0.72943,0,0,0
1,52,2,3,2.3363,0.77875,0,0,NaN
1,52,2,4,3.8745,0.96863,1,3.1322,3.1322
1,52,2,0,0,0,0,0,0
1,85,2,4,2.9598,0.73996,0,0,NaN
1,85,2,3,1.7295,0.57652,0,0,0
1,85,2,2,1.2332,0.61661,0,0,0
1,85,2,1,0.94302,0.94302,0,0,NaN
1,85,2,2,2.3278,1.1639,0,0,NaN
1,85,2,0,0,0,0,0,0
1,85,2,2,1.921,0.96051,0,0,NaN
1,85,2,1,0.71291,0.71291,1,NaN,19.116
1,85,2,3,2.2596,0.75321,0,0,0
1,85,2,2,3.4194,1.7097,1,0,0
1,85,2,0,0,0,0,0,0
1,85,2,2,1.4135,0.70677,0,0,0
1,85,2,2,1.7007,0.85034,0,0,0
1,85,2,3,4.7336,1.5779,0,0,NaN
1,85,2,2,2.0665,1.0333,0,0,NaN
1,85,2,3,1.6291,0.54303,2,7.0544,3.5272
1,85,2,3,3.2414,1.0805,1,3.8919,3.8919
1,85,2,1,0.12709,0.12709,1,5.521,5.521
1,85,2,1,0.30406,0.30406,0,0,0
1,85,2,2,1.2635,0.63177,0,0,0
1,85,2,3,3.5744,1.1915,1,13.629,13.629
1,85,2,2,1.6794,0.83968,0,0,0
1,85,2,2,1.6973,0.84866,2,8.4665,4.2332
1,85,2,3,1.1629,0.38764,2,12.432,6.2159
1,85,2,2,1.4577,0.72883,2,8.3605,4.1803
1,85,2,3,2.149,0.71635,0,0,NaN
1,85,2,1,0.066661,0.066661,2,9.3383,4.6692
1,85,2,5,2.9892,0.59785,0,0,0
1,85,2,3,3.3584,1.1195,0,0,NaN
1,85,2,4,2.2978,0.57445,0,0,0
1,85,2,2,1.4928,0.7464,0,0,0
1,85,2,2,1.3428,0.67139,0,0,NaN
1,85,2,1,1.0875,1.0875,0,0,NaN
1,85,2,3,2.0303,0.67676,1,4.1742,4.1742
1,85,2,3,2.5117,0.83724,2,7.5864,3.7932
1,85,2,1,0.93961,0.93961,0,0,0
1,85,2,3,3.0624,1.0208,0,0,NaN
1,85,2,5,4.7573,0.95146,0,0,NaN
1,85,2,3,2.219,0.73968,0,0,0
1,85,2,1,1.2866,1.2866,0,0,NaN
1,87,2,1,0.64029,0.64029,0,0,0
1,87,2,3,1.6417,0.54724,0,0,0
1,87,2,2,0.51935,0.25968,0,0,0
1,87,2,2,2.2078,1.1039,0,0,NaN
1,87,2,2,1.8926,0.9463,0,0,NaN
1,87,2,0,0,0,0,0,0
1,87,2,1,0.17057,0.17057,0,0,0
1,87,2,0,0,0,0,0,0
1,87,2,0,0,0,0,0,0
1,87,2,3,3.6099,1.2033,0,0,NaN
1,87,2,0,0,0,0,0,0
1,87,2,0,0,0,0,0,0
1,87,2,3,1.9668,0.65559,1,6.752,6.752
1,87,2,1,0.55595,0.55595,0,0,0
1,87,2,0,0,0,0,0,0
1,87,2,0,0,0,0,0,0
1,87,2,2,1.7126,0.85631,0,0,NaN
1,87,2,0,0,0,0,0,0
1,87,2,0,0,0,0,0,0
1,87,2,NaN,4.4657,0.63796,0,0,NaN
1,87,2,4,3.4628,0.86571,0,0,NaN
1,87,2,2,1.9519,0.97594,0,0,NaN
1,87,2,4,5.6461,1.4115,0,0,NaN
1,87,2,4,2.4045,0.60112,0,0,NaN
1,87,2,1,0.2222,0.2222,0,0,0
1,87,2,0,0,0,0,0,0
1,87,2,0,0,0,0,0,0
1,87,2,2,1.7079,0.85393,0,0,NaN
1,87,2,5,2.2419,0.44837,0,0,NaN
1,87,2,1,0.58564,0.58564,0,0,0
1,87,2,1,0.43025,0.43025,0,0,0
1,87,2,2,1.958,0.97898,0,0,NaN
1,87,2,3,1.6128,0.53758,0,0,NaN
1,87,2,0,0,0,0,0,0
1,87,2,2,0.90528,0.45264,0,0,0
1,87,2,0,0,0,0,0,0
1,87,2,4,6.5286,1.6321,0,0,NaN
1,87,2,3,1.0176,0.33921,1,5.9941,5.9941
1,87,2,0,0,0,0,0,0
1,3,2,1,0.47977,0.47977,0,0,0
1,3,2,2,0.83483,0.41741,0,0,0
1,3,2,1,0.09925,0.09925,2,8.5573,4.2786
1,3,2,2,2.8892,1.4446,1,5.4902,5.4902
1,3,2,1,0.36104,0.36104,0,0,0
1,3,2,1,0.62011,0.62011,0,0,0
1,3,2,2,1.0908,0.54542,0,0,0
1,3,2,1,0.57861,0.57861,0,0,0
1,3,2,1,0.4898,0.4898,0,0,0
1,3,2,2,1.6509,0.82543,0,0,NaN
1,3,2,1,0.25358,0.25358,0,0,0
1,3,2,2,1.598,0.79901,0,0,NaN
1,3,2,2,3.3034,1.6517,0,0,NaN
1,3,2,2,2.7969,1.3984,0,0,NaN
1,3,2,3,1.9803,0.66009,0,0,0
1,3,2,3,2.1209,0.70698,0,0,NaN
1,3,2,3,1.5772,0.52575,0,0,0
1,3,2,1,0.33763,0.33763,0,0,0
1,3,2,2,0.69562,0.34781,0,0,0
1,3,2,2,1.8793,0.93963,0,0,NaN
1,3,2,3,2.7931,0.93103,0,0,NaN
1,3,2,2,1.442,0.72102,0,0,0
1,3,2,1,0.30054,0.30054,0,0,0
1,3,2,1,1.0573,1.0573,0,0,NaN
1,3,2,1,1.0404,1.0404,0,0,NaN
1,3,2,1,0.39139,0.39139,0,0,0
1,3,2,1,0.93561,0.93561,0,0,0
1,3,2,2,0.92929,0.46464,0,0,0
1,3,2,1,0.11154,0.11154,1,5.9174,5.9174
1,3,2,1,0.44886,0.44886,0,0,0
1,3,2,1,0.57332,0.57332,0,0,0
1,3,2,1,0.37998,0.37998,0,0,0
1,3,2,2,0.83986,0.41993,0,0,0
1,3,2,1,0.3272,0.3272,0,0,0
1,3,2,2,0.9998,0.4999,0,0,0
1,3,2,2,1.3151,0.65755,0,0,0
1,3,2,3,1.26,0.41999,2,10.24,5.1201
1,3,2,2,3.3336,1.6668,0,0,NaN
1,3,2,2,1.662,0.83102,0,0,0
1,30,2,0,0,0,0,0,0
1,30,2,1,0.28556,0.28556,0,0,0
1,30,2,3,0.51185,0.17062,2,10.99,5.4952
1,30,2,2,0.42769,0.21384,0,0,0
1,30,2,0,0,0,0,0,0
1,30,2,2,0.40228,0.20114,0,0,0
1,30,2,0,0,0,0,0,0
1,30,2,0,0,0,0,0,0
1,30,2,2,0.7028,0.3514,0,0,0
1,30,2,2,0.34952,0.17476,0,0,0
1,30,2,1,0.088923,0.088923,0,0,0
1,30,2,0,0,0,0,0,0
1,30,2,0,0,0,0,0,0
1,30,2,0,0,0,0,0,0
1,30,2,1,0.30611,0.30611,0,0,0
1,30,2,0,0,0,0,0,0
1,30,2,1,0.19239,0.19239,0,0,0
1,30,2,2,0.57405,0.28702,0,0,0
1,30,2,0,0,0,0,0,0
1,30,2,2,0.87626,0.43813,0,0,0
1,30,2,1,0.29636,0.29636,0,0,0
1,30,2,4,1.4007,0.35018,0,0,0
1,30,2,3,0.81449,0.2715,0,0,0
1,30,2,4,1.4544,0.3636,0,0,0
1,30,2,2,0.6883,0.34415,0,0,0
1,30,2,4,1.2521,0.31302,0,0,0
1,30,2,4,1.4393,0.35982,0,0,0
1,30,2,6,2.5165,0.41941,0,0,0
1,30,2,1,0.46171,0.46171,0,0,0
1,30,2,3,1.134,0.37801,0,0,0
1,30,2,4,1.5494,0.38735,0,0,0
1,30,2,2,1.0938,0.5469,0,0,0
1,30,2,1,0.28479,0.28479,0,0,0
1,30,2,3,1.2805,0.42683,0,0,0
1,30,2,1,0.20515,0.20515,0,0,0
1,30,2,4,1.5936,0.3984,0,0,0
1,30,2,2,0.9084,0.4542,0,0,0
1,30,2,1,0.28629,0.28629,0,0,0
1,30,2,3,0.82163,0.27388,0,0,0
1,30,2,1,0.19674,0.19674,0,0,0
1,70,2,1,0.13844,0.13844,2,9.9481,4.9741
1,70,2,3,4.3097,1.4366,0,0,NaN
1,70,2,2,1.3142,0.65708,0,0,0
1,70,2,3,0.97156,0.32385,0,0,0
1,70,2,2,0.70417,0.35209,0,0,0
1,70,2,2,0.39477,0.19739,1,4.6863,4.6863
1,70,2,3,1.6763,0.55877,0,0,NaN
1,70,2,1,0.49118,0.49118,1,6.0596,6.0596
1,70,2,1,0.21189,0.21189,0,0,0
1,70,2,1,0.076915,0.076915,0,0,0
1,70,2,1,0.57972,0.57972,0,0,0
1,70,2,2,1.7588,0.87942,0,0,NaN
1,70,2,3,1.001,0.33366,0,0,0
1,70,2,1,0.17371,0.17371,0,0,0
1,70,2,0,0,NaN,1,5.5413,5.5413
1,70,2,2,2.8531,1.4265,0,0,NaN
1,70,2,1,1.01,1.01,0,0,0
1,70,2,3,1.1491,0.38303,0,0,0
1,70,2,2,0.73275,0.36637,0,0,0
1,70,2,3,1.7706,0.59021,1,5.7256,5.7256
1,70,2,0,0,0,0,0,0
1,70,2,2,3.1153,1.5577,1,3.5905,3.5905
1,70,2,2,0.37901,0.18951,0,0,0
1,70,2,1,0.19914,0.19914,0,0,0
1,70,2,1,0.15806,0.15806,1,6.1707,6.1707
1,70,2,2,0.9126,0.4563,0,0,0
1,70,2,1,0.15408,0.15408,0,0,0
1,70,2,4,1.9302,0.48255,1,5.0166,5.0166
1,70,2,3,2.686,0.89535,0,0,NaN
1,70,2,2,0.12385,0.061924,1,5.6487,5.6487
1,70,2,5,3.1224,0.62448,0,0,NaN
1,70,2,3,0.90566,0.30189,1,6.3074,6.3074
1,70,2,2,0.49331,0.24665,0,0,0
1,70,2,2,1.0208,0.5104,0,0,0
1,70,2,2,1.0786,0.53929,1,6.2738,6.2738
1,70,2,1,0.41579,0.41579,1,4.5969,4.5969
1,70,2,3,1.6058,0.53526,1,6.0009,6.0009
1,70,2,1,0.27704,0.27704,0,0,0
1,70,2,1,0.41511,0.41511,0,0,0
