0,12,1,199,92.904,0.32118,-0.058456,0.31582
0,12,1,140,156.53,0.90933,-0.10684,0.90303
0,12,0,0,NaN,NaN,NaN,NaN
0,12,1,245,142.19,0.52199,-0.38184,0.35592
0,12,1,327,156.8,0.28686,0.10083,-0.26855
0,12,1,289,147.41,0.59462,-0.44082,-0.39906
0,12,1,300,163.66,0.15818,-0.059107,-0.14672
0,12,1,411,176.25,0.56659,0.43673,-0.36095
0,12,1,264,135.46,0.32798,0.30549,0.11936
0,12,1,118,140.4,0.60559,-0.58797,0.14505
0,12,1,291,176.51,0.4925,0.42201,-0.2539
0,12,1,330,126.71,1.0067,-1.0027,0.089398
0,12,1,249,129.29,1.053,-1.0527,-0.025109
0,12,1,237,190.61,0.33946,-0.14598,-0.30647
0,12,1,213,144.58,0.75998,-0.72449,0.22952
0,12,1,312,186.32,1.1016,1.0718,-0.2545
0,12,1,331,177.33,0.64761,0.26757,-0.58975
0,12,1,244,190.12,0.98636,0.9443,-0.28496
0,12,1,333,125.93,0.35257,-0.34417,0.076506
0,12,1,325,122.27,1.1179,-0.91665,-0.63993
0,12,1,156,139.72,0.70107,-0.67467,0.19059
0,12,1,184,137.7,0.63522,-0.5069,0.38283
0,12,1,233,158.24,0.29401,0.17526,0.23606
0,12,1,167,142.95,0.54646,-0.52176,0.16246
0,12,1,84,138.27,0.59804,-0.59735,0.028723
0,12,1,150,163.51,0.49772,0.030603,-0.49678
0,12,1,179,400.45,0.4575,-0.45604,-0.036484
0,12,1,138,166.56,0.49041,0.21767,-0.43946
0,12,1,90,119.83,1.2798,-1.2788,-0.049415
0,12,1,399,177.93,0.59957,0.1924,-0.56787
0,12,1,168,142.72,0.7848,-0.78475,-0.0089532
0,12,1,110,167.63,0.13468,0.096765,-0.093679
0,12,1,184,119.05,0.21187,0.19777,-0.076002
0,12,1,105,NaN,0.62451,-0.59606,-0.18635
0,12,1,227,NaN,0.10326,-0.097896,-0.032858
0,12,1,314,181.05,0.73933,0.69422,0.2543
0,12,1,176,168.32,0.43312,0.36075,-0.23969
0,12,1,196,181.92,0.71505,0.59058,-0.40313
0,14,1,186,154.42,0.51654,-0.50414,0.11247
0,14,1,129,NaN,1.7055,1.7055,0.0016656
0,14,1,367,164.63,0.25527,0.041802,-0.25183
0,14,1,151,176.71,0.56086,0.49644,0.26098
0,14,1,99,421.4,0.37015,-0.36805,-0.039379
0,14,1,115,192.78,1.1392,0.95634,-0.61907
0,14,1,82,170.02,0.215,0.045944,-0.21003
0,14,1,133,162.79,0.19119,-0.080439,-0.17345
0,14,1,168,141.16,0.61335,0.48257,-0.37859
0,14,1,80,173.85,0.18745,0.11466,-0.1483
0,14,1,80,178.23,0.53598,0.52179,-0.12248
0,14,1,41,172.61,0.45022,-0.44508,-0.067857
0,14,1,63,185.22,0.58087,0.53473,-0.22688
0,14,1,59,173.49,0.30229,0.0028022,-0.30228
0,14,1,61,160.39,0.33779,-0.31051,-0.13299
0,14,1,29,197.06,0.4578,-0.36776,-0.27264
0,14,1,73,173.5,0.27203,0.16891,-0.21323
0,14,0,83,172.17,NaN,0.010953,-0.5017
0,14,1,84,166.93,0.27497,-0.084371,-0.2617
0,14,1,61,178.38,0.41804,0.085298,-0.40924
0,14,1,26,172.44,1.359,-1.3435,-0.20504
0,14,1,58,172.43,0.4015,-0.078315,-0.39379
0,14,0,170,293.35,NaN,NaN,0.41522
0,14,1,33,177.32,0.77511,-0.76915,0.095931
0,14,1,10,164.52,2.3421,-2.342,0.019717
0,14,1,148,553.54,0.63061,0.6239,0.091787
0,14,1,86,165.84,0.083286,-0.067946,0.048165
0,14,1,95,157.37,0.37796,-0.37135,0.070359
0,14,1,51,169.65,0.27328,-0.25232,-0.10496
0,14,1,81,162.69,0.12572,-0.02475,0.12326
0,14,1,85,159.32,0.27888,-0.27504,-0.046089
0,14,1,124,179.2,1.3119,1.2919,-0.22852
0,14,1,25,172.65,1.3535,-1.3533,-0.020589
0,14,1,13,175.31,1.9594,-1.9577,0.082288
0,14,1,103,157.24,0.53231,-0.51745,0.12491
0,14,1,44,147.69,0.46238,-0.4565,0.07352
0,14,1,59,135.89,0.44522,-0.44251,-0.04909
0,14,1,79,176.3,0.5002,0.23341,-0.4424
0,19,1,137,340.14,3.2238,NaN,-0.26448
0,19,1,249,171.09,0.59955,0.31315,0.51128
0,19,1,108,160.02,0.12696,-0.0055052,0.12684
0,19,1,216,156.36,0.037721,-0.012069,0.035738
0,19,1,243,609.28,2.0301,-0.024307,-2.0299
0,19,2,298,650.39,1.0544,0.38603,0.98123
0,19,1,351,147.55,0.1927,-0.027482,0.19073
0,19,1,191,158.6,0.36051,0.010004,0.36037
0,19,1,429,173.3,0.58253,0.026988,0.5819
0,19,1,270,123.21,1.2298,-1.2285,-0.056889
0,19,1,228,826.92,0.4001,-0.32432,0.2343
0,19,1,265,147.87,0.54705,-0.52722,0.14594
0,19,1,436,178.93,0.71088,0.47895,0.52532
0,19,1,251,191.41,0.079101,0.026212,0.074632
0,19,1,297,180.99,1.1688,0.98012,0.63679
0,19,1,201,145.69,0.3242,0.2703,0.17901
0,19,1,192,159.02,0.25975,0.065285,0.25141
0,19,1,336,152.96,0.46877,-0.46868,0.0090635
0,19,1,234,173.38,0.5007,0.03995,0.49911
0,19,1,134,154.77,0.12673,-0.035053,0.12178
0,19,1,295,78.533,0.54317,-0.46812,0.27549
0,19,1,184,152.56,0.38403,-0.38013,0.054613
0,19,1,367,165.46,0.37646,0.31256,-0.20982
0,19,1,277,120.88,0.84967,-0.80503,0.27181
0,19,1,310,187.33,0.80786,0.70993,0.38553
0,19,1,160,155.1,0.10819,-0.10346,0.031617
0,19,1,238,170.57,0.72225,0.2497,0.67771
0,19,1,66,136.9,0.69511,-0.68817,0.097993
0,19,1,119,171.08,0.50055,0.26559,0.42428
0,19,1,313,177.2,0.63149,0.50623,0.37751
0,19,1,170,178.42,0.52449,0.41336,0.32283
0,19,1,89,134.34,0.2639,0.2339,0.1222
0,19,NaN,NaN,NaN,NaN,NaN,NaN
0,19,1,169,189.97,1.1523,0.83366,0.79553
0,19,1,72,163.03,0.47221,0.093159,0.46293
0,19,1,233,146.34,0.52161,-0.14107,0.50217
0,18,1,79,140.09,0.35816,-0.19874,0.29797
0,18,1,82,161.56,0.54961,0.54703,0.053172
0,18,1,62,148.19,0.24619,0.0087917,0.24603
0,18,1,106,148.58,0.19186,0.07403,0.177
0,18,1,58,139.32,0.26932,-0.23154,-0.13755
0,18,1,67,136.98,0.45066,-0.45039,-0.015645
0,18,1,61,149.59,0.29261,0.26733,0.11897
0,18,1,70,138.75,0.15271,-0.1516,0.018368
0,18,1,72,152.66,0.43124,0.26414,0.34088
0,18,1,61,139.91,0.21121,-0.10981,0.18042
0,18,1,75,104.25,NaN,-0.42982,NaN
0,18,0,160,287.88,6.4735,0.0055788,-6.4735
0,18,1,89,731.59,1.2402,-0.7032,1.0216
0,18,1,150,165.31,0.79772,0.79617,0.04975
0,18,1,83,116.82,0.94489,-0.91487,0.23626
0,18,1,118,167.1,0.77349,0.74675,0.20163
0,18,1,60,148.19,0.1566,0.080109,0.13456
0,18,1,75,124.15,0.85447,-0.8352,-0.18045
0,18,1,104,137.23,0.19101,-0.18191,0.058267
0,18,1,86,124.72,0.6731,-0.67233,-0.032163
0,18,1,46,131.05,0.87638,-0.87603,-0.024615
0,18,1,78,145.71,0.098485,0.080427,-0.05684
0,18,1,58,138.74,0.31149,-0.27169,-0.15234
0,18,1,104,112.07,0.13931,-0.08631,0.10935
0,18,1,110,161.9,0.6435,0.64249,-0.035956
0,18,1,52,134.61,0.58264,-0.58019,0.053402
0,18,1,52,145.8,0.18623,-0.056479,-0.17746
0,18,1,126,152.88,0.50572,0.50245,-0.057372
0,18,1,71,145.96,0.10608,0.083226,-0.065771
0,18,1,118,113.74,0.89875,-0.89796,-0.037808
0,18,1,163,112.07,1.2178,-1.2175,0.024308
0,18,1,105,121.08,0.87944,-0.87795,0.05105
0,18,1,126,130.34,0.43605,-0.43259,-0.054837
0,18,1,54,140.05,0.29179,-0.23769,-0.16926
0,18,1,259,144,0.45807,-0.25173,-0.3827
0,18,1,299,158.77,0.5956,0.029041,0.59489
0,18,1,74,116.96,1.2458,-1.161,0.45183
0,18,1,94,133.36,0.40101,NaN,-0.0062028
0,26,1,40,248.87,2.8946,2.8105,-0.69269
0,26,1,107,707.6,0.27358,0.11733,0.24715
0,26,1,95,182.36,0.058433,0.032849,0.048326
0,26,1,85,165.31,0.29116,-0.29109,0.006466
0,26,1,84,149.96,0.39983,0.36617,0.16058
0,26,1,68,739.52,0.24634,0.19786,-0.14675
0,26,1,280,185.28,0.23895,-0.23206,0.056946
0,26,1,81,178.53,0.13802,-0.13589,0.024161
0,26,1,201,140.04,NaN,NaN,1.7731
0,26,1,283,283.16,4.8447,4.7246,-1.0723
0,26,1,172,194.55,0.54814,0.31618,0.44776
0,26,1,96,161.54,0.56646,-0.54664,-0.14852
0,26,1,79,142.72,0.091474,0.078425,0.047085
0,26,1,115,130.68,0.43864,0.41425,0.14421
0,26,1,236,193.35,0.68813,0.42239,0.54324
0,26,1,126,181.99,0.36043,-0.22495,0.28162
0,26,1,110,142.86,1.2449,-1.2365,0.14384
0,26,1,104,206.32,0.54019,0.52973,0.10577
0,26,1,80,176.75,0.33472,NaN,-0.32295
0,26,1,131,97.369,2.6922,-2.6878,-0.15358
0,26,1,136,149.63,0.39804,0.36159,-0.16641
0,26,1,268,166.11,0.69955,-0.35478,0.60291
0,26,1,108,NaN,0.70075,0.68645,0.14086
0,26,1,100,859.12,0.62693,-0.50328,-0.37382
0,26,1,99,NaN,0.12042,0.11097,0.046756
0,26,1,70,860.05,0.63107,-0.61173,0.15503
0,26,1,126,194.86,0.52549,0.22595,-0.47444
0,26,1,53,177.27,0.28079,-0.27784,-0.040606
0,26,1,109,188.78,0.1116,-0.075372,-0.082306
0,26,1,150,181.46,0.39895,-0.17693,-0.35757
0,26,1,334,178.24,1.9725,-0.25332,1.9561
0,26,1,87,146.03,0.15348,-0.15332,-0.006994
0,26,1,127,186.08,0.47971,-0.29425,0.37886
0,26,1,448,187.7,2.46,-0.58542,2.3893
0,26,1,127,198.26,0.61542,0.60396,0.1182
0,26,1,141,175.33,1.1816,-0.85774,0.81267
0,26,1,76,162.45,0.13956,0.091439,0.10543
0,29,1,117,196.66,0.77411,0.69266,-0.34564
0,29,1,60,187.86,0.45863,0.43774,0.13684
0,29,1,119,184.43,0.33904,0.29323,-0.1702
0,29,1,108,182.9,0.33743,0.27974,-0.1887
0,29,1,52,171.25,0.56416,-0.43002,-0.36518
0,29,1,59,208.61,0.17494,-0.17264,0.028301
0,29,NaN,NaN,NaN,NaN,NaN,NaN
0,29,1,71,425.62,0.34466,0.28277,-0.19705
0,29,1,126,184.18,0.64972,0.39628,0.51487
0,29,1,110,176.02,0.48634,0.017767,0.48602
0,29,1,78,207.53,0.70544,0.31105,-0.63316
0,29,1,68,187.68,0.39223,0.36187,-0.1513
0,29,1,162,162.55,0.46848,-0.46844,-0.0064547
0,29,1,69,170.98,0.12461,-0.11495,0.048108
0,29,1,77,191.41,0.55468,0.54546,-0.10073
0,29,1,60,216.31,0.64997,-0.63389,-0.14369
0,29,1,56,182.63,0.50408,0.0377,0.50267
0,29,1,136,148.08,0.25272,-0.086941,0.2373
0,29,1,100,169.55,0.1498,-0.10194,0.10976
0,29,1,75,188.64,0.55139,0.37656,-0.40278
0,29,1,62,181.81,0.28017,0.063288,-0.27293
0,29,1,77,180.4,0.39185,0.38187,-0.087866
0,29,1,82,220.16,0.59997,0.22517,-0.55612
0,29,1,55,635.46,0.34904,0.23535,0.25775
0,29,1,36,819.34,1.4402,-0.56561,1.3245
0,29,1,64,196.58,0.82017,0.62105,-0.53571
0,29,1,67,187.9,0.41286,0.4108,-0.041188
0,29,1,106,177.24,0.25475,0.082563,-0.241
0,29,1,137,168.03,0.262,-0.23347,-0.11888
0,29,1,56,181.95,0.13501,0.083601,0.10601
0,29,1,78,177.99,0.42188,-0.092439,-0.41163
0,29,1,82,179.26,0.32117,-0.091981,-0.30772
0,29,1,84,179.02,0.21241,-0.0025901,-0.21239
0,29,1,47,195.78,0.34869,-0.34028,-0.076118
0,29,1,79,171.25,0.4248,-0.29483,-0.30583
0,29,1,95,184.31,0.43809,0.43631,-0.03951
0,61,1,267,179.13,0.35914,0.35573,0.049353
0,61,1,163,173.45,0.25597,0.25512,0.020839
0,61,1,256,167.51,0.21432,0.20552,0.06078
0,61,1,206,169.5,0.17263,0.16632,0.046227
0,61,1,311,169.96,0.21805,0.19157,-0.10414
0,61,1,208,170.19,0.53709,0.17393,0.50814
0,61,1,338,167.14,0.34031,0.20369,-0.27262
0,61,1,201,163.11,0.42475,-0.0037534,0.42473
0,61,1,78,156.63,0.1613,-0.16118,0.0062386
0,61,1,207,167.44,0.3429,-0.16557,0.30028
0,61,1,180,162.93,0.52733,-0.12392,0.51256
0,61,1,82,157.06,0.28721,-0.26631,-0.10756
0,61,1,277,166.08,0.10038,-0.023297,0.097634
0,61,1,121,160.52,0.29034,-0.21826,0.19146
0,61,1,235,165.59,0.11677,-0.096588,0.065624
0,61,1,103,154.47,0.24671,-0.2425,0.045397
0,61,1,260,176.35,0.58395,0.38028,0.44316
0,61,1,106,151.86,0.45422,-0.40421,0.2072
0,61,1,229,161.07,0.48143,-0.01325,0.48124
0,61,1,241,146.63,0.85775,-0.70554,0.48779
0,61,1,196,158.3,0.41577,-0.28058,0.30682
0,61,1,86,157.35,0.24522,-0.2442,-0.02233
0,61,1,77,159.67,0.18939,-0.15441,-0.10966
0,61,1,226,160.93,0.10316,-0.10134,0.019258
0,61,1,122,156.19,0.33986,-0.17392,0.29199
0,61,1,111,162.01,0.19715,-0.039525,0.19314
0,61,1,126,169.98,0.23478,0.21767,0.087986
0,61,1,96,159.03,0.33849,-0.19635,0.27573
0,61,1,131,170.54,0.15411,0.14167,0.060661
0,61,1,50,160.39,0.5363,-0.45599,0.28229
0,61,1,126,169.54,0.17819,0.167,0.062169
0,61,1,60,155.76,0.52238,-0.49603,0.16379
0,61,1,219,160.17,0.044991,-0.041993,-0.016149
0,61,1,138,168.73,0.3034,0.080231,0.2926
0,61,1,57,150.38,0.60305,-0.59802,0.077699
0,61,1,271,173.6,0.33705,0.29552,-0.16208
0,61,1,72,156.64,0.27363,-0.27333,-0.012878
0,61,1,47,161.69,0.56984,-0.5607,-0.10164
0,61,1,28,162.22,1.4287,-1.4144,0.20167
0,61,1,29,166.02,1.2789,-1.2753,-0.096984
0,68,1,78,169.39,0.70111,0.6953,0.090046
0,68,1,288,156.7,0.30904,-0.29247,-0.099849
0,68,1,84,181.53,1.0606,0.96773,NaN
0,68,1,69,153.68,0.15248,-0.12668,-0.084869
0,68,1,268,NaN,3.4244,1.3167,3.1612
0,68,1,158,174.25,0.60367,0.60346,0.015923
0,68,1,100,NaN,0.29411,-0.29098,0.042757
0,68,1,92,143.26,0.50475,0.48226,-0.149
0,68,NaN,NaN,NaN,NaN,NaN,NaN
0,68,1,129,950.52,0.40459,0.11122,-0.389
0,68,1,131,157.01,NaN,0.14665,-0.014182
0,68,1,151,1080.6,0.21722,0.12249,0.1794
0,68,1,NaN,NaN,0.49885,0.48223,0.12768
0,68,0,20,836.33,9.572,-1.9408,-2.0856
0,68,1,50,NaN,0.37454,-0.29861,-0.22609
0,68,2,603,907.26,1.1097,-0.60668,-0.92917
0,68,1,180,178.25,1.3308,1.3283,0.081252
0,68,1,158,866.86,0.49504,0.45163,0.20273
0,68,1,163,145.08,0.43151,-0.43151,-0.0010448
0,68,1,155,717.61,0.19513,-0.17689,0.08238
0,68,1,94,157.69,0.14983,0.14742,0.026811
0,68,1,36,143.67,0.36045,0.3192,0.16744
0,68,1,98,146.23,0.46817,-0.36047,0.29874
0,68,1,141,NaN,0.5157,-0.50492,0.1049
0,68,1,128,676.68,0.906,-0.90496,0.043275
0,68,1,83,119.29,0.60255,0.23182,0.55616
0,68,1,93,NaN,0.18491,-0.082997,-0.16523
0,68,1,194,152.03,0.32207,-0.01273,-0.32182
0,68,1,136,845.8,0.87308,-0.8724,-0.03445
0,68,2,152,NaN,2.177,-2.173,0.13165
0,68,1,154,718.66,0.18471,0.18429,0.01248
0,68,1,412,737.52,1.7486,1.7407,0.16522
0,68,1,72,974.02,0.80223,-0.75361,0.27502
0,89,1,144,143.7,0.3358,-0.31922,0.1042
0,89,1,NaN,169.23,0.77326,0.73832,0.22983
0,89,1,84,121.53,0.49795,0.30196,-0.39595
0,89,1,254,158.67,0.19755,0.11115,0.16331
0,89,1,573,763.52,0.32135,0.32134,-0.0025183
0,89,1,321,169.33,0.49141,0.48052,0.10289
0,89,2,99,287.06,1.1831,1.1809,-0.072872
0,89,1,105,123.22,1.3356,-1.3178,0.2171
0,89,1,332,163.38,0.73911,0.40909,-0.61557
0,89,1,109,93.837,0.2031,0.19334,-0.062212
0,89,1,105,100.56,0.40505,0.28748,-0.28534
0,89,1,264,159.23,0.74855,0.11846,0.73912
0,89,1,84,147.19,0.31897,-0.098349,-0.30343
0,89,1,75,141.56,0.69873,-0.58074,0.38854
0,89,1,323,162.1,0.46343,0.16208,0.43416
0,89,1,262,162.93,0.42769,0.31179,0.29276
0,89,1,261,158.19,0.45462,0.42022,-0.17348
0,89,1,206,169.43,0.79136,0.42162,0.6697
0,89,1,257,158.51,0.55718,0.32908,-0.44961
0,89,1,113,131.25,0.71723,-0.69972,-0.15749
0,89,1,120,114.45,0.19009,0.10372,-0.1593
0,89,1,49,163.75,0.28843,0.2037,-0.2042
0,89,1,37,126.27,1.481,-1.4739,-0.14466
0,89,1,133,134.54,0.89613,-0.89613,-0.00077161
0,89,NaN,NaN,NaN,NaN,NaN,NaN
0,89,NaN,NaN,NaN,NaN,NaN,NaN
0,89,1,12,144.34,2.2286,-2.2278,0.058596
0,89,1,64,146.78,0.50693,-0.37814,0.33762
0,89,2,78,245.55,0.3738,0.14218,0.3457
0,89,1,146,101.3,0.40359,-0.058916,0.39926
0,89,1,51,134.9,0.87293,-0.86681,-0.10326
0,89,1,60,152.43,0.52182,-0.19025,0.4859
0,89,1,278,243.22,0.76905,0.38852,0.66369
0,89,1,171,173.28,0.71984,0.65204,0.30498
0,89,1,196,161.6,0.64193,0.23279,0.59823
0,10,1,367,176.93,0.65893,0.65376,0.082391
0,10,1,134,696.46,0.31462,0.27476,0.15328
0,10,1,144,NaN,0.40307,0.40147,-0.035872
0,10,1,211,707.49,NaN,NaN,0.72465
0,10,1,65,414.34,0.35256,-0.33979,-0.094031
0,10,1,118,432.28,0.13941,-0.13698,-0.025886
0,10,1,86,697.37,0.22005,0.21681,-0.037608
0,10,2,140,979.23,0.334,0.30365,-0.13911
0,10,0,65,529.8,5.0146,-4.9989,0.39694
0,10,1,124,702.84,0.20348,0.071546,0.19049
0,10,1,105,157.54,0.31971,-0.13532,-0.28966
0,10,1,105,169.48,0.34288,0.22409,-0.25952
0,10,1,82,687,0.27591,0.25357,-0.10875
0,10,1,101,161.15,0.14226,0.12772,-0.062653
0,10,1,104,164.53,0.027601,0.018601,-0.020392
0,10,1,70,170.26,0.33142,0.25131,-0.21606
0,10,1,33,168.56,1.1982,-1.1982,0.010432
0,10,1,110,173.24,0.41184,0.23539,-0.33793
0,10,1,81,168.21,0.11822,0.098353,0.065592
0,10,1,39,172.31,0.80615,-0.78396,-0.18783
0,10,1,129,162.63,0.18655,-0.1797,-0.05007
0,10,1,65,712.51,0.050269,0.050264,-0.00069722
0,10,1,78,161.96,0.22962,-0.077667,-0.21609
0,10,1,42,163.74,0.69772,-0.6973,-0.024085
0,10,1,119,164.6,0.31559,-0.16566,-0.26862
0,10,1,109,164.05,0.25447,-0.073136,0.24373
0,10,1,133,162.58,0.15294,-0.15237,-0.013187
0,10,1,58,168.97,0.058919,-0.038959,-0.0442
0,10,1,74,161.53,0.21181,-0.20846,-0.037519
0,10,1,120,191.49,0.10987,-0.099889,-0.045752
0,10,1,100,178.56,0.30875,0.29839,-0.079292
0,10,1,99,163.29,0.37372,-0.21595,-0.30501
0,14,1,179,188.17,0.1765,-0.10342,0.14302
0,14,1,38,193.25,0.11975,0.11683,0.026299
0,14,1,42,156.22,0.65205,-0.65169,-0.021843
0,14,1,138,196.77,1.15,1.1125,0.29129
0,14,1,39,168.85,0.64953,-0.64455,0.080283
0,14,1,32,172.42,0.68675,-0.68206,-0.080182
0,14,1,89,203.88,1.8474,1.8181,-0.32757
0,14,1,61,153.49,0.27985,-0.2737,-0.058361
0,14,1,33,186.72,0.37747,-0.36794,0.084288
0,14,1,86,162.25,0.25335,-0.035126,0.2509
0,14,1,95,165.65,0.4181,0.21017,-0.36144
0,14,1,16,166.71,1.7904,-1.7887,-0.076369
0,14,1,6,171.88,2.3986,-2.3986,8.8884e-05
0,14,1,100,166.71,0.048072,-0.020615,-0.043428
0,14,1,50,156.88,1.1386,-0.54474,-0.99989
0,14,1,62,169.64,0.26785,0.067761,0.25913
0,14,1,83,172.29,1.1019,0.36822,-1.0386
0,14,1,77,174.85,0.81334,0.4012,-0.70751
0,14,1,93,174.61,0.99189,0.41314,-0.90176
0,14,1,26,189.98,0.54016,-0.54008,0.0094147
0,14,1,85,167.63,0.61989,0.15078,-0.60127
0,14,1,48,174.58,0.30702,-0.070829,0.29874
0,14,1,136,181.15,0.73552,0.73532,-0.017226
0,14,NaN,NaN,NaN,NaN,NaN,NaN
0,14,1,73,170.76,0.26393,0.18222,0.19092
0,14,1,108,176.82,0.61875,0.38419,0.48503
0,14,1,61,181.41,0.75748,0.53005,0.54112
0,14,1,164,180.85,1.0714,0.7776,-0.73703
0,14,1,99,148.36,0.86265,-0.39229,-0.76829
0,14,1,71,144.32,0.89446,-0.56135,-0.69638
0,14,1,73,134,1.1349,-0.87992,-0.71678
0,14,1,84,171.65,0.63962,0.45833,-0.44614
0,14,1,38,184,1.1045,-0.20867,1.0846
0,14,1,16,161.86,1.8739,-1.8625,-0.20698
0,14,1,103,166.1,0.53209,0.24408,-0.4728
0,14,1,46,163.64,0.55208,-0.41025,-0.36945
0,14,1,40,161.46,0.77379,-0.64172,-0.43238
0,14,1,26,166.03,1.3743,-1.2906,-0.47253
0,89,1,249,184.43,0.3906,0.31862,0.22594
0,89,1,82,181.68,0.59533,0.59521,0.011624
0,89,1,113,757.52,0.4838,0.41388,0.25054
0,89,1,159,150.74,0.85001,-0.76182,0.37704
0,89,1,205,168.68,0.26008,0.25975,0.013187
0,89,1,65,148.13,0.67071,-0.61079,-0.2771
0,89,1,135,132.69,1.168,-1.1679,0.016565
0,89,1,176,143.12,1.1884,-1.0091,-0.62762
0,89,1,121,148.18,0.25418,0.22839,0.11157
0,89,1,120,167.17,0.43464,-0.35567,0.24982
0,89,1,134,809.84,0.61339,0.37724,0.48368
0,89,1,171,144.96,0.87203,-0.86996,0.05994
0,89,1,162,170.72,0.3478,0.21512,0.27329
0,89,1,121,141.85,0.034842,0.030445,-0.016943
0,89,1,165,137.89,0.41849,-0.17464,0.38031
0,89,1,85,160.09,0.34996,-0.06123,0.34456
0,89,1,140,195.63,0.8066,0.80608,0.029113
0,89,1,157,572.63,1.0655,-0.8513,-0.64083
0,89,1,115,198.2,0.59489,0.59486,0.0053436
0,89,1,140,752.97,1.6495,1.2533,1.0725
0,89,1,145,159.81,0.34629,-0.33401,-0.091434
0,89,1,181,173.55,0.99813,-0.019075,0.99795
0,89,NaN,NaN,NaN,NaN,NaN,NaN
0,89,1,158,164.99,0.79912,0.095779,-0.79336
0,89,1,222,731.43,0.74538,0.097767,0.73894
0,89,1,437,141.6,0.89301,-0.62862,-0.63427
0,89,1,51,191.46,0.84361,0.39283,0.74656
0,89,1,192,133.29,1.9936,-1.4883,1.3265
0,89,1,NaN,157.32,0.19841,-0.19831,-0.0061519
0,89,1,146,171,0.29239,-0.019657,-0.29173
0,89,1,135,199.26,0.93201,0.92914,-0.073106
0,89,1,129,155.8,0.61942,-0.54636,-0.29183
0,89,1,134,165.15,0.35702,-0.11587,0.33769
0,89,1,53,692.22,0.88496,-0.88487,-0.012677
0,89,1,232,154.64,0.65149,-0.53228,0.37566
0,43,1,521,163.05,0.44483,-0.40967,-0.17331
0,43,1,104,147.79,0.45135,0.29848,-0.33857
0,43,1,108,152.15,0.52969,0.52967,0.0038344
0,43,1,342,NaN,0.64218,-0.52365,-0.37174
0,43,1,349,552.05,0.998,-0.9128,-0.4035
0,43,1,30,152.91,0.6548,-0.63637,0.15425
0,43,1,261,164.35,0.64619,-0.47911,-0.43361
0,43,1,180,134.57,0.39995,0.36813,0.15635
0,43,1,159,150.79,0.57049,-0.18824,0.53854
0,43,1,122,135.72,0.46107,0.43313,0.15807
0,43,1,136,994.6,0.30594,0.1938,-0.23672
0,43,1,175,107.05,0.56176,0.53755,0.16313
0,43,1,178,126.84,0.17506,0.12694,0.12055
0,43,1,223,NaN,0.30603,0.29994,0.060729
0,43,1,132,758.27,0.4186,0.0017738,-0.41859
0,43,1,228,709.82,0.56563,-0.50066,-0.26319
0,43,2,211,171.4,0.56837,0.35998,0.43984
0,43,1,72,NaN,0.55518,-0.54503,-0.10571
0,43,1,94,747.27,0.61865,0.58877,0.18992
0,43,1,76,141.32,0.81653,-0.81112,-0.09389
0,43,1,124,975.26,1.2598,-1.2344,0.25203
0,43,1,30,223.72,0.50315,0.42195,-0.27407
0,43,1,216,813.14,0.39495,-0.0038301,-0.39493
0,43,1,239,NaN,0.40111,0.36995,-0.155
0,43,1,149,987.38,0.30574,0.041992,0.30284
0,43,1,143,130.95,0.18048,-0.16387,0.075629
0,43,1,328,154.35,0.53462,-0.1234,0.52019
0,43,1,86,787.02,0.11294,0.1075,0.03463
0,43,1,219,123.06,0.15326,-0.1525,0.015286
0,43,1,152,752.7,0.70022,-0.26244,0.64917
0,43,1,106,973.89,1.7459,-1.215,1.2537
0,43,1,150,206.16,1.4284,1.372,-0.39746
0,43,1,77,131.21,0.071651,0.026676,0.066501
0,43,1,97,154.5,0.21333,-0.21138,-0.028753
0,43,1,151,136.96,0.57383,0.54149,-0.18993
0,43,1,216,291.93,0.4083,-0.091776,0.39785
0,43,1,94,737.03,0.62217,-0.56367,0.26339
0,43,1,73,156.76,0.2033,-0.2033,0.00090916
0,43,1,128,157.93,0.36252,-0.23039,-0.27989
0,44,1,241,168.52,0.50405,0.4225,0.27488
0,44,1,160,133.76,0.71527,-0.70901,0.094432
0,44,1,151,159.74,0.23259,0.1193,-0.19966
0,44,1,188,164.16,1.1231,0.42331,-1.0403
0,44,1,175,164.89,0.41349,0.41229,0.031438
0,44,1,145,161.02,0.53945,0.50475,-0.19037
0,44,1,104,162.8,0.59907,0.57496,-0.16825
0,44,1,129,153.32,0.24113,0.14363,-0.19368
0,44,1,129,142.39,0.59396,-0.47184,0.36077
0,44,1,126,178.18,0.95353,0.79464,-0.52703
0,44,1,98,132.31,0.64562,0.13586,-0.63116
0,44,1,168,164.29,0.49198,0.48815,0.061313
0,44,1,216,163.1,0.6083,0.36413,-0.48727
0,44,1,138,162.05,0.51826,0.1241,-0.50318
0,44,1,114,161.21,0.60372,0.43304,0.42066
0,44,1,150,158.98,0.45732,0.35977,0.28233
0,44,1,114,152.72,0.4208,0.10284,0.40804
0,44,1,210,149.93,0.41103,-0.066977,0.40554
0,44,1,64,148.32,0.33027,-0.30698,-0.12181
0,44,1,85,166.28,0.65128,0.48733,-0.43205
0,44,1,48,148.45,0.79443,-0.6446,-0.46435
0,44,1,66,160.9,0.39643,0.028898,-0.39538
0,44,1,69,159.32,0.72061,0.093828,-0.71447
0,44,1,10,171.21,1.9656,-1.9245,-0.40015
0,44,1,27,180.31,0.9603,-0.69447,-0.66324
0,44,1,94,164.8,0.74146,0.36353,0.64622
0,44,1,117,156.93,0.36667,0.35301,0.099149
0,44,1,152,163.02,0.88551,0.59965,0.65157
0,44,1,115,159.94,0.66382,0.14939,-0.64679
0,44,1,99,156.43,0.48677,0.098216,-0.47676
0,44,1,231,144.62,0.4481,-0.43167,-0.12023
0,44,1,265,156.21,0.50743,0.32867,0.38661
0,44,1,115,149.46,0.19996,0.06651,0.18857
0,44,1,144,149.6,0.60988,-0.23138,-0.56429
0,44,1,76,141.91,0.82196,-0.4746,-0.6711
0,44,1,114,159.09,0.61673,0.46665,0.40323
0,44,1,167,154.39,0.26445,0.23807,-0.11515
0,44,1,227,147.56,0.041153,0.034834,-0.021913
0,44,1,133,164.68,0.80026,0.76609,0.23133
0,44,1,65,165.52,0.69154,0.63589,0.2718
0,46,1,159,178.07,0.68343,0.68049,-0.063323
0,46,1,79,124.4,0.50023,0.050659,0.49766
0,46,1,181,192.85,1.4056,0.64621,-1.2483
0,46,1,67,194.72,NaN,0.49571,NaN
0,46,1,118,173.95,NaN,-0.22853,NaN
0,46,1,154,140.32,0.46755,0.0071359,0.46749
0,46,1,298,142.7,0.248,-0.096309,-0.22854
0,46,1,143,142.55,0.53972,-0.52901,0.10699
0,46,1,345,144.43,0.44889,0.36236,-0.26496
0,46,1,71,139.3,0.16386,-0.15749,-0.04522
0,46,1,431,160.46,4.0794,-0.23419,4.0727
0,46,1,176,118.92,4.874,0.072237,4.8735
0,46,1,136,135.91,0.68404,0.65978,-0.18057
0,46,1,419,165.47,1.109,-0.15228,-1.0985
0,46,1,NaN,185.99,1.0626,0.95944,0.4567
0,46,1,271,152.56,0.72801,-0.18796,0.70333
0,46,1,180,126.95,0.12938,0.012275,0.12879
0,46,1,178,148.38,0.56723,-0.040294,-0.5658
0,46,1,108,116.34,0.92777,-0.3585,-0.85571
0,46,1,315,133.11,0.65559,0.044547,0.65408
0,46,1,407,156.48,2.2125,1.1877,-1.8667
0,46,1,564,145.05,0.52094,-0.26295,-0.4497
0,46,1,377,167.39,0.83002,0.31108,0.76952
0,46,1,105,146.32,0.51282,-0.31509,-0.4046
0,46,1,115,108.88,1.0107,-0.10577,-1.0052
0,46,1,193,127.35,1.7196,-1.2814,-1.1468
0,46,1,440,151.77,0.59771,0.033766,-0.59675
0,46,1,NaN,150.4,0.43355,-0.17479,-0.39676
0,46,1,NaN,177.87,1.3697,0.54861,-1.2551
0,46,1,318,142.01,0.27872,0.12214,-0.25053
0,46,1,178,140.7,1.4849,-0.94944,-1.1416
0,46,1,346,142.2,0.45592,-0.14114,-0.43353
0,46,1,189,134.28,1.6033,-0.88887,-1.3344
0,46,1,91,69.326,2.1385,0.70793,-2.0179
0,46,1,492,152.93,2.0554,-0.56363,-1.9766
0,46,1,643,134.51,2.0821,0.43193,-2.0368
0,46,1,61,137.4,0.79572,-0.68556,-0.40396
0,46,1,204,168.67,1.5106,0.48547,-1.4305
0,65,1,360,183.02,0.81029,0.78709,-0.19249
0,65,1,148,182.5,0.56775,0.56771,-0.0071181
0,65,1,161,199.46,0.35806,0.067351,0.35167
0,65,1,182,218.96,0.90605,0.90442,0.054303
0,65,1,114,177.86,0.48192,0.38166,0.29424
0,65,1,222,179.91,0.51149,0.41253,0.3024
0,65,1,225,177.74,0.58313,0.56727,-0.13507
0,65,1,126,175.15,0.28395,0.075934,0.27361
0,65,1,292,169.07,0.34165,0.24413,-0.239
0,65,1,152,167.47,0.037715,0.0084444,-0.036757
0,65,1,295,194.74,0.90391,0.89971,0.087015
0,65,1,209,NaN,0.50642,0.35921,0.35697
0,65,1,147,176.91,0.36068,0.33809,-0.12562
0,65,1,273,218.47,0.12487,0.12426,0.012369
0,65,1,164,675.98,1.0225,0.012967,-1.0224
0,65,1,182,193.79,0.55326,0.51132,0.2113
0,65,1,192,164.16,0.12841,0.0079786,0.12816
0,65,1,202,181.36,0.57102,0.56659,-0.070963
0,65,1,152,971.24,0.60154,0.5147,0.31134
0,65,1,184,184.23,0.4632,0.42825,0.17651
0,65,1,102,176.9,0.31992,0.20907,0.24215
0,65,1,142,174.96,0.35617,0.23326,0.26916
0,65,1,126,167.9,0.099197,0.093375,-0.033483
0,65,1,106,183.67,0.5677,0.54307,0.16538
0,65,1,169,180.88,0.46597,0.45611,0.095315
0,65,1,43,171.51,0.63309,-0.6307,0.054873
0,65,1,172,238.32,0.32353,-0.0095635,0.32339
0,65,1,104,167.99,0.2757,0.020999,0.2749
0,65,1,157,230.96,0.9116,0.86773,-0.27939
0,65,1,139,170.3,0.27223,-0.076853,-0.26116
0,65,1,32,170,1.1017,-1.0483,0.33872
0,65,1,46,160.85,NaN,NaN,0.091262
0,65,1,113,183.46,0.47917,0.47894,0.014714
0,65,1,87,180.17,0.51062,0.49861,0.11007
0,65,1,163,167.78,0.14435,-0.038134,0.13923
0,65,1,155,171.73,0.029406,-0.0014646,-0.02937
0,65,1,234,172.31,0.16651,-0.16383,0.02978
0,65,1,105,177.35,0.3722,0.34948,-0.12806
0,66,1,301,140,4.4187,4.2139,-1.3295
0,66,NaN,NaN,NaN,NaN,NaN,NaN
0,66,1,132,163.26,0.43311,0.38211,-0.20392
0,66,1,NaN,167.37,0.17456,0.1525,0.084947
0,66,1,120,146.49,0.57584,-0.57546,0.020736
0,66,1,137,163.15,0.19729,0.15825,0.11781
0,66,1,288,152.73,0.16981,0.092605,0.14234
0,66,1,172,174.71,0.49245,0.42876,-0.24223
0,66,1,310,160.97,0.65971,0.024374,0.65926
0,66,1,111,147.63,0.28209,-0.27988,-0.035214
0,66,1,92,165.63,0.27128,0.15558,-0.22224
0,66,1,467,156.33,0.3618,0.35667,0.060666
0,66,1,218,151.18,0.48431,-0.36246,0.32123
0,66,1,280,152.49,0.22184,-0.066134,0.21175
0,66,1,188,157.2,0.49672,-0.18644,0.4604
0,66,1,404,128.76,0.74358,0.49613,0.55387
0,66,1,117,89.755,0.63029,-0.56061,0.28807
0,66,1,184,159.33,0.25367,-0.23514,-0.095173
0,66,1,65,150.55,0.61121,-0.58801,0.16679
0,66,1,256,172.61,0.56263,0.49948,0.25897
0,66,1,298,156.49,0.30559,-0.059471,-0.29975
0,66,1,200,147.65,0.40786,-0.4022,-0.06769
0,66,1,180,133.69,0.52548,-0.52431,-0.035088
0,66,1,131,137.4,0.66017,-0.65501,-0.082339
0,66,1,174,146.09,0.38463,-0.38448,-0.010953
0,66,1,245,141.64,0.69812,-0.63109,-0.29851
0,66,1,236,133.72,0.37909,-0.23359,0.29857
0,66,1,405,127.35,0.65695,-0.65694,-0.0017502
0,66,1,232,137.19,0.60804,-0.57155,-0.20747
0,66,1,234,150.65,0.54524,0.20225,0.50634
0,66,1,171,148.05,NaN,NaN,0.49829
0,66,1,162,150,0.45113,-0.44425,0.078454
0,66,1,149,136.6,0.66802,-0.63112,-0.21894
0,66,1,91,144.79,0.57221,-0.57173,0.023456
0,66,1,104,144.84,0.64438,-0.61976,0.17643
0,66,1,110,159.59,0.21647,-0.20791,-0.060274
0,66,1,117,153.61,0.41594,-0.39902,-0.11742
0,66,1,199,118.14,0.90698,-0.89853,0.12355
0,71,1,177,42.668,NaN,-4.2891,NaN
0,71,1,94,179.67,0.44765,0.41343,-0.17164
0,71,1,180,218.43,0.98958,0.40452,0.90313
0,71,1,120,147.82,1.016,NaN,0.23202
0,71,1,215,134.26,0.30658,-0.20109,0.23141
0,71,1,230,188.71,0.75471,0.66436,0.35808
0,71,1,85,181.58,0.30926,0.3086,-0.02023
0,71,1,159,208.21,0.48653,-0.47435,0.10817
0,71,0,351,301.91,8.2268,-1.1358,8.148
0,71,1,96,189.44,0.57316,0.55719,-0.13435
0,71,1,91,146.25,1.1092,-1.0765,0.26753
0,71,2,241,93.094,2.7625,-2.762,-0.054203
0,71,1,126,199.16,2.1965,2.0953,0.65904
0,71,1,126,150.92,0.48063,-0.45935,0.14145
0,71,1,321,189.05,0.43544,NaN,0.099778
0,71,1,163,175.34,0.56385,NaN,0.15407
0,71,1,167,178.73,0.73151,0.70296,0.2024
0,71,1,80,134.25,1.061,-1.0606,0.02816
0,71,1,118,194.27,0.15627,0.11573,-0.10501
0,71,1,100,178.3,0.23077,0.20811,0.099717
0,71,1,85,178.88,0.39284,0.265,-0.28999
0,71,1,99,174.54,0.20028,0.19954,-0.017206
0,71,1,149,95.742,2.782,-2.7813,0.062963
0,71,1,425,88.705,2.9748,-2.9698,0.17239
0,71,1,102,114.97,2.066,-2.0475,-0.27575
0,71,1,182,172.35,0.25731,0.25705,-0.011505
0,71,1,197,166.86,0.054766,-0.010268,-0.053795
0,71,1,258,170.9,0.44949,0.44305,-0.07578
0,71,1,104,186.93,0.65948,0.5439,-0.37294
0,71,1,258,203,1.2699,1.25,-0.22417
0,71,1,376,174.56,1.1215,1.0162,-0.47447
0,71,1,362,NaN,NaN,NaN,NaN
0,71,1,240,186.05,NaN,NaN,-0.31104
0,71,1,190,NaN,NaN,NaN,0.22456
0,71,1,200,175.8,0.27802,0.24466,-0.13205
0,71,1,110,180.43,0.78752,0.47637,0.62711
0,71,1,140,153.46,0.35383,-0.29088,0.20146
0,71,1,124,NaN,2.1462,1.8941,1.0091
0,2,1,80,146.1,1.0083,-0.76759,0.65378
0,2,0,341,997.44,7.6229,-5.5195,-4.9892
0,2,1,159,258.49,4.1673,4.165,0.13778
0,2,1,71,1121.8,4.1894,4.1553,-0.53338
0,2,1,51,148.42,0.88951,-0.87397,-0.16551
0,2,1,120,159.98,0.20506,0.095744,0.18133
0,2,1,134,154.31,0.48251,-0.43727,0.204
0,2,1,206,863.15,2.025,2.025,-0.0025528
0,2,1,149,165.45,0.19344,0.12341,0.14897
0,2,1,107,152.33,0.43374,-0.42982,-0.058161
0,2,1,62,156.13,0.30335,-0.28573,0.10188
0,2,1,91,NaN,0.54936,-0.54528,0.066838
0,2,1,121,NaN,0.18706,-0.18123,-0.04632
0,2,1,98,149.18,0.38444,-0.31575,-0.21931
0,2,1,107,167.68,0.1666,0.16614,0.012412
0,2,1,90,NaN,0.43466,NaN,0.1877
0,2,1,98,NaN,0.56664,NaN,0.013229
0,2,1,179,158.88,0.19337,0.004985,0.19331
0,2,1,44,173.33,0.22543,-0.22234,-0.037176
0,2,1,46,NaN,1.2976,-1.2975,0.012974
0,2,1,93,1148,0.20596,-0.20445,-0.024931
0,2,1,98,130.2,1.397,-1.3502,0.35878
0,2,1,185,145.61,0.55533,-0.52211,-0.18919
0,2,1,121,1073.3,3.5291,3.5291,-0.018875
0,2,1,58,1148,3.255,3.2531,-0.11068
0,2,1,136,168.78,0.45146,0.32753,0.31071
0,2,1,62,141.88,0.84208,-0.78649,-0.30086
0,2,1,118,919,0.65351,-0.58418,-0.29293
0,2,1,106,169.71,0.37749,0.36867,0.081123
0,2,1,132,151.8,0.6109,-0.44411,0.41948
0,2,1,123,147.51,0.54381,-0.54011,0.063306
0,2,1,85,139.92,1.0262,-0.98308,0.29428
0,2,1,77,602.71,0.54878,0.51346,-0.1937
0,2,1,78,152.11,0.6088,-0.55621,0.24753
0,2,1,114,164.23,0.27718,-0.026253,0.27593
0,2,1,47,151,0.9821,-0.92515,0.32958
0,2,1,73,152.09,0.63066,-0.55188,0.30524
0,2,1,88,151.45,0.47849,-0.46476,0.11381
0,60,1,302,163.91,0.84953,0.76933,-0.36031
0,60,1,185,147.68,0.25298,0.035412,-0.25049
0,60,1,118,146.51,0.42191,0.29701,-0.29965
0,60,1,185,142.48,0.32717,0.015113,-0.32682
0,60,1,151,722.35,0.29747,0.13852,-0.26325
0,60,1,112,137.15,0.38762,0.042485,-0.38528
0,60,1,168,151.13,0.54888,0.2969,-0.46166
0,60,NaN,NaN,NaN,NaN,NaN,NaN
0,60,1,196,137.06,0.059577,0.0074597,0.059109
0,60,1,177,129.31,0.63945,-0.14354,-0.62313
0,60,1,129,140.38,0.47742,0.22681,-0.42011
0,60,1,210,126.66,0.66091,-0.60368,0.26901
0,60,1,152,145.82,0.86709,0.28129,-0.82019
0,60,1,142,127.64,0.74224,-0.59435,-0.44459
0,60,1,80,141.51,0.34743,0.18343,0.29507
0,60,1,166,136.53,0.15115,-0.098391,-0.11474
0,60,1,94,115.4,0.61541,0.1679,-0.59207
0,60,1,92,135.9,0.71561,-0.35675,-0.62034
0,60,1,194,140.48,0.70345,0.01988,-0.70317
0,60,1,147,150.94,0.74319,0.34441,-0.65857
0,60,1,53,140.65,0.56532,-0.30069,-0.47873
0,60,1,196,148.25,0.55307,0.16739,-0.52713
0,60,1,56,799.29,0.76364,-0.14448,-0.74985
0,60,1,124,139.27,0.33079,0.10198,-0.31468
0,60,1,188,161.34,2.056,0.27456,-2.0376
0,60,1,85,128.99,0.7645,-0.46927,-0.60353
0,60,1,226,144.85,0.30674,0.28253,0.11944
0,60,1,215,139.99,0.27475,-0.13351,0.24013
0,60,1,184,755.48,0.7127,0.48678,-0.52057
0,60,1,136,148.15,0.80299,0.34937,0.723
0,60,1,NaN,147.77,NaN,0.44457,NaN
0,60,1,114,143.25,NaN,NaN,-0.61726
0,60,1,220,125.32,0.59254,-0.59158,0.033854
0,60,1,211,126.81,0.47655,-0.36441,0.30709
0,60,1,158,162.47,0.7104,0.6383,-0.31182
0,60,2,197,642.35,2.0677,0.51476,-2.0026
0,60,1,304,132.01,0.34034,-0.32173,-0.11101
0,60,1,234,630.18,0.28376,-0.28372,-0.0045659
0,60,1,159,164.8,0.7895,0.65909,-0.43464
0,38,1,634,179.62,4.8111,-1.4174,4.5976
0,38,0,239,759.41,6.0042,6.004,-0.054254
0,38,2,229,812.11,NaN,NaN,0.27045
0,38,1,303,214.03,1.2557,1.1592,0.48279
0,38,1,314,245.61,1.0031,1.0031,0.005316
0,38,1,315,287.26,1.2985,1.1419,-0.61823
0,38,1,166,NaN,0.61059,0.60931,0.039533
0,38,1,342,173.85,1.3774,-0.31556,1.3408
0,38,2,240,832.47,0.87375,0.51019,0.70932
0,38,1,261,196.26,0.6738,0.54025,-0.40266
0,38,1,325,162.96,0.8518,0.69783,0.48847
0,38,1,133,280.71,4.371,4.371,-0.0040993
0,38,1,323,178.38,1.5793,0.17939,1.5691
0,38,1,224,185.74,0.92387,0.40546,0.83014
0,38,1,195,203.71,1.7706,0.76181,1.5984
0,38,2,356,915.23,1.1252,0.79284,-0.79848
0,38,1,212,816.15,2.1616,0.48878,2.1056
0,38,1,347,189.04,1.1042,-1.1007,0.087611
0,38,1,341,204.26,1.1342,-1.0947,0.29671
0,38,1,157,174.21,0.37613,-0.096459,0.36355
0,38,1,146,101.95,0.88409,-0.09482,0.87899
0,38,1,253,189.06,NaN,NaN,NaN
0,38,1,254,189.27,0.12292,0.089305,0.084455
0,38,1,202,189.39,1.4322,0.59227,1.304
0,38,1,185,199.13,1.333,0.8975,0.98557
0,38,1,177,111.13,0.69752,-0.24279,-0.6539
0,38,1,194,133.63,1.5041,-1.5028,0.06291
0,38,1,238,187.09,1.2418,0.31823,1.2003
0,38,1,129,174.72,0.41823,-0.082835,-0.40994
0,38,1,111,166.57,1.1683,-0.26415,-1.1381
0,38,0,4,830.13,9.1293,-3.7131,-5.1033
1,15,1,115,156.42,0.3888,0.23566,-0.30924
1,15,1,124,140.01,0.45167,-0.26714,-0.3642
1,15,1,154,164.73,0.53619,0.50693,0.17473
1,15,1,257,170.69,0.81916,0.70501,-0.41711
1,15,1,216,171.44,0.71352,0.70898,-0.080327
1,15,1,53,122.95,1.2023,-1.2021,-0.026579
1,15,1,308,162.83,0.80529,0.64171,-0.48652
1,15,1,54,132.81,0.82802,-0.81649,-0.13766
1,15,1,108,125.06,1.1822,-1.144,-0.29815
1,15,1,58,144.83,0.23509,-0.23382,-0.024437
1,15,1,179,182.86,0.63667,0.63666,0.0030199
1,15,1,142,146.65,0.49973,0.22715,-0.44512
1,15,1,174,154.19,0.13919,0.058398,-0.12635
1,15,1,94,125.95,0.97256,-0.86005,-0.45409
1,15,1,181,176.32,1.996,1.0646,-1.6884
1,15,1,158,148.67,1.1401,-0.38086,-1.0746
1,15,1,128,170.23,0.43039,0.37733,-0.20702
1,15,1,143,133,0.66381,-0.57765,-0.32706
1,15,1,90,129.87,0.92754,-0.73094,-0.57101
1,15,1,47,125.71,0.49826,-0.32015,-0.3818
1,15,1,96,127.69,0.75517,-0.12272,-0.74513
1,15,1,172,164.9,2.3609,0.69159,NaN
1,15,1,241,172.14,2.1965,0.61547,NaN
1,15,1,118,146.44,1.528,-0.44239,-1.4626
1,15,1,180,151.99,0.47613,0.47529,-0.02823
1,15,1,109,132.96,0.88542,-0.60518,-0.64631
1,15,1,57,142.82,1.4615,-0.42461,-1.3984
1,15,1,45,144.47,0.53318,-0.49823,-0.18987
1,15,1,80,152.38,1.6394,-0.0073251,-1.6393
1,15,1,49,134.54,0.80512,-0.80452,-0.031008
1,15,1,141,159.13,1.2261,0.30104,-1.1885
1,15,1,46,130.14,0.14155,-0.019797,-0.14016
1,15,1,52,167.37,0.65945,-0.044319,-0.65796
1,15,1,125,134.65,0.65821,-0.63448,-0.17516
1,15,1,81,159.47,0.57355,0.5079,0.26647
1,15,1,122,139.93,0.31688,-0.28948,-0.12889
1,15,1,199,145.74,0.23103,-0.22497,0.052555
1,15,1,86,130.48,0.46892,0.33398,-0.32915
1,15,1,68,143.96,0.56672,0.031329,-0.56585
1,15,1,240,146.82,1.404,-0.35873,1.3574
1,37,1,236,143.32,0.41567,0.40462,0.095197
1,37,1,279,184.65,0.14639,0.01135,0.14595
1,37,1,319,NaN,0.75972,-0.023393,0.75936
1,37,1,196,206.78,0.60647,-0.40498,0.45144
1,37,1,256,167.89,1.2001,1.1494,0.3453
1,37,1,177,116.91,0.7997,-0.40321,0.69061
1,37,1,339,153.72,0.30452,0.21732,-0.21332
1,37,1,264,139.6,1.1672,0.39954,1.0967
1,37,1,242,174.6,0.46543,-0.4305,-0.17692
1,37,1,220,196.26,0.34213,0.02814,-0.34097
1,37,1,231,134.88,0.8545,0.76165,0.38737
1,37,1,232,204.64,0.76548,0.76548,-0.0023514
1,37,1,180,173.52,1.5104,1.4748,0.32613
1,37,1,327,134.69,0.45662,0.12741,0.43848
1,37,1,223,122.17,1.0002,-0.8484,0.5297
1,37,1,213,108.44,0.82402,0.4474,0.69199
1,37,1,205,144.17,1.3073,1.1334,0.6515
1,37,1,254,128.08,0.21459,-0.1332,0.16825
1,37,1,178,148.37,1.0907,0.25441,1.0607
1,37,1,201,148.77,1.2029,0.88568,0.81394
1,37,1,196,161.83,0.96038,0.89268,0.35418
1,37,1,188,179.66,0.23611,-0.18203,0.15037
1,37,1,262,186.37,0.40547,-0.17236,-0.36701
1,37,1,177,288.58,1.7169,1.4976,0.83958
1,37,1,187,175.51,1.4347,1.3923,0.34623
1,37,1,219,161.96,1.0296,0.82625,0.61437
1,37,1,250,154.26,1.0422,1.0412,-0.043889
1,37,1,212,161.09,1.2407,1.0063,0.72574
1,37,1,192,NaN,0.65627,-0.055439,0.65393
1,37,1,193,354.76,1.2679,1.0494,0.71163
1,37,1,181,332.41,1.1534,0.37835,1.0895
1,37,1,129,205.53,0.77708,0.60135,0.49217
1,37,1,102,NaN,0.62664,0.29695,0.55181
1,37,1,147,155.57,0.80054,0.62358,0.502
1,37,1,135,NaN,0.4047,-0.14255,0.37876
1,37,1,140,NaN,0.34359,0.11648,0.32325
1,37,1,107,193.22,0.45462,-0.38437,-0.24276
1,37,1,82,NaN,0.19251,0.017317,0.19173
1,37,1,107,NaN,0.28345,0.01742,0.28291
1,49,1,228,188.58,1.3418,1.3113,0.28447
1,49,1,1,603.27,1.9681,-1.9593,0.18524
1,49,1,221,237.07,NaN,NaN,-0.98164
1,49,1,149,155.22,0.31041,0.082241,0.29932
1,49,1,217,364.93,0.65659,0.37444,0.53936
1,49,1,184,505.94,0.3495,-0.29105,-0.1935
1,49,1,134,155.69,0.31603,0.31378,0.037684
1,49,1,217,167.18,0.83778,0.82879,0.12235
1,49,1,221,167.8,0.59962,0.54295,0.25447
1,49,1,415,181.19,0.90507,0.89391,0.14168
1,49,1,216,146.09,0.32325,0.27846,-0.16416
1,49,1,88,142.42,0.58577,-0.43773,0.38926
1,49,1,391,168.4,0.75302,0.74372,0.11801
1,49,1,209,153.97,0.27696,0.18917,0.20229
1,49,1,287,176.72,0.94212,0.7116,0.61743
1,49,1,285,174.32,0.75407,0.37604,0.65362
1,49,1,152,157.93,0.31136,0.31034,0.02525
1,49,1,214,179.34,1.4567,1.4509,-0.1297
1,49,1,220,162.06,0.48865,0.47356,0.12051
1,49,1,252,147.02,0.59077,-0.45167,0.3808
1,49,1,164,128.6,0.1955,0.19512,0.012231
1,49,1,270,141.11,0.69406,-0.63709,0.27538
1,49,1,383,151.8,0.25521,-0.11507,0.22779
1,49,1,316,169.11,0.42688,0.38535,0.18367
1,49,1,336,161.76,0.325,0.19584,0.25937
1,49,1,NaN,176.71,0.73635,0.70759,0.20376
1,49,1,230,156.39,0.54972,0.53896,0.10824
1,49,1,NaN,156.28,0.44821,0.42986,0.12694
1,49,1,430,157.83,0.13216,0.078629,-0.10622
1,49,1,2,107.26,0.78446,-0.77163,0.14131
1,49,1,292,164.87,0.71844,0.69832,-0.16882
1,49,1,155,135.07,0.59594,-0.59497,-0.034064
1,49,1,142,151.39,0.40744,0.040828,0.40538
1,49,1,140,150,0.40888,0.085672,0.3998
1,49,0,NaN,114.46,NaN,NaN,-0.087392
1,49,1,272,158.7,0.41076,0.35134,0.21281
1,49,1,151,143.96,0.2867,-0.10878,0.26526
1,49,1,362,170.92,0.67426,0.18768,0.64761
1,54,1,177,276.9,NaN,NaN,-1.0291
1,54,0,29,316.96,NaN,NaN,1.0474
1,54,1,51,250.55,3.0002,2.9918,0.22493
1,54,0,375,33.083,NaN,NaN,0.1783
1,54,0,98,285.6,NaN,NaN,0.78056
1,54,1,175,203.74,0.77134,0.50996,0.57871
1,54,1,138,180.42,0.81149,0.78805,0.19367
1,54,2,62,262.07,0.14221,0.084291,0.11454
1,54,1,160,167.53,0.23079,0.23054,0.010798
1,54,1,125,161.67,0.25893,-0.084318,-0.24482
1,54,1,96,137.89,1.1506,-1.1041,-0.32382
1,54,1,NaN,253.76,3.8766,NaN,-0.49157
1,54,1,134,178.59,0.76644,0.76056,0.094763
1,54,1,194,142.69,0.52877,0.43794,0.29631
1,54,0,272,175.35,NaN,1.001,NaN
1,54,1,163,215,0.64487,0.56609,0.30886
1,54,1,123,178.46,1.0263,0.95715,0.37024
1,54,1,112,136.66,1.4029,-1.1729,-0.76958
1,54,1,174,182.85,1.1803,0.8087,0.85967
1,54,1,137,157.36,0.71328,-0.53927,-0.46686
1,54,1,228,142.37,0.99355,-0.63644,-0.76294
1,54,1,171,142.62,0.57117,0.1262,-0.55705
1,54,1,144,159.07,0.62344,-0.54478,-0.30314
1,54,1,119,146.67,0.9395,-0.93684,-0.070633
1,54,1,154,216.71,2.5242,2.4893,0.41848
1,54,1,136,144.01,0.93823,-0.89505,-0.28135
1,54,1,163,148.05,0.41256,-0.29235,0.2911
1,54,1,149,141.51,0.36107,0.24171,0.26823
1,54,1,163,131.04,0.73684,-0.7368,0.0078038
1,54,1,181,155.7,0.96574,0.61205,0.74703
1,54,1,196,158.82,0.39719,0.043655,0.39478
1,54,1,331,132.87,0.83252,-0.17691,0.81351
1,54,1,109,186.67,0.70505,-0.23402,0.66508
1,54,1,184,161.16,0.45817,0.15655,0.4306
1,54,1,154,189.15,0.29191,-0.21419,-0.19832
1,54,1,137,199.43,1.0153,0.21767,0.99172
1,63,1,236,197.35,1.7529,-1.7436,-0.18063
1,63,1,33,40.735,NaN,NaN,-0.11762
1,63,NaN,NaN,NaN,NaN,NaN,NaN
1,63,2,134,257.55,0.69624,NaN,-0.58603
1,63,NaN,NaN,NaN,NaN,NaN,NaN
1,63,NaN,NaN,NaN,NaN,NaN,NaN
1,63,NaN,NaN,NaN,NaN,NaN,NaN
1,63,1,214,235.68,3.882,3.8685,0.32338
1,63,1,174,139.59,0.42321,-0.3493,-0.23895
1,63,NaN,NaN,NaN,NaN,NaN,NaN
1,63,1,73,259.49,4.9522,4.9465,0.23673
1,63,1,153,151.47,0.37836,0.37165,-0.07095
1,63,1,137,115.49,NaN,NaN,NaN
1,63,1,310,127.48,NaN,NaN,0.13513
1,63,1,123,143.47,0.22543,-0.13077,-0.18363
1,63,1,160,166,0.1521,-0.053226,0.14249
1,63,1,122,145.01,0.45739,-0.23686,0.39128
1,63,0,354,130,9.5789,8.6477,-4.1196
1,63,0,135,267.06,5.3687,5.358,-0.33937
1,63,1,169,151.03,0.44624,0.30027,0.33011
1,63,1,75,117.11,1.1157,-1.1155,0.022733
1,63,1,105,109.49,0.39961,0.23539,0.32292
1,63,1,362,164.08,0.90426,0.81093,0.40011
1,63,1,103,123.71,0.84192,-0.83153,-0.13184
1,63,1,205,140.85,0.1307,0.12934,0.018816
1,63,1,NaN,125.97,0.70053,-0.6811,-0.16383
1,63,1,191,123.12,0.91808,-0.88855,-0.231
1,63,1,65,86.028,0.66214,0.66181,-0.020994
1,63,1,134,NaN,0.83717,-0.83461,0.065477
1,63,1,90,180.62,1.5581,1.5457,0.1965
1,74,1,579,186.83,1.2035,0.92517,0.76978
1,74,1,209,194.7,0.80637,0.53556,0.60284
1,74,1,107,169.42,0.084612,-0.031143,0.078673
1,74,1,82,NaN,0.8116,0.795,-0.16331
1,74,1,53,190.35,0.60067,0.53388,0.27528
1,74,1,186,196.77,0.71478,-0.67776,0.22706
1,74,1,126,171.96,0.624,0.093094,0.61702
1,74,1,265,152.13,0.79136,-0.7564,0.23261
1,74,1,75,702.87,0.18382,0.14583,0.11191
1,74,1,94,171.34,0.19448,0.16016,0.11034
1,74,1,175,165.75,0.24518,-0.21722,-0.11369
1,74,1,75,184.17,0.74896,0.74844,0.027972
1,74,1,215,192.62,0.85743,0.54918,0.65848
1,74,1,225,202.94,1.1665,0.95962,0.66328
1,74,1,126,179.37,0.66834,0.47342,0.47175
1,74,1,97,184,0.71669,0.52217,0.4909
1,74,1,256,173.27,0.51543,0.093662,0.50684
1,74,1,107,NaN,0.39829,-0.13516,0.37465
1,74,1,170,183.85,0.89696,0.58962,0.67594
1,74,1,145,181.87,0.70213,0.58654,0.38596
1,74,1,85,177.35,0.59956,0.52224,0.29452
1,74,1,127,155.69,0.3405,-0.28162,0.19138
1,74,1,247,764.51,1.1399,0.94469,0.63791
1,74,1,213,188.75,1.1874,0.71544,0.94767
1,74,1,206,200,0.98667,0.87104,0.46347
1,74,1,133,198.36,1.3268,1.0582,0.80035
1,74,1,126,192.51,0.78389,0.68282,0.38502
1,74,1,94,177.07,0.59194,0.45403,0.3798
1,74,1,164,196.54,1.2416,1.1165,0.5432
1,74,1,181,172.75,0.65823,0.16344,0.63762
1,74,1,79,188.8,0.78163,0.71562,0.31437
1,74,1,88,194.48,0.93575,0.90731,0.22892
1,74,1,109,178.93,0.55211,0.39858,0.38205
1,74,1,246,213.05,0.94106,0.54779,0.76519
1,74,1,118,179.83,0.62835,0.22144,0.58803
1,74,1,82,175.95,0.30157,0.097999,0.28521
1,74,1,58,171.17,0.48205,-0.22976,0.42376
1,74,1,73,170.59,0.26121,0.038089,0.25842
1,74,1,31,177.05,0.99621,-0.99575,0.030296
1,81,1,173,153.76,0.46331,-0.42558,-0.18313
1,81,1,261,158.62,0.39153,-0.37436,0.11466
1,81,1,299,169.17,0.050332,0.028399,0.041555
1,81,1,185,150.99,0.66423,-0.61992,-0.23854
1,81,1,NaN,141.03,1.064,-1.0514,-0.16297
1,81,1,194,167.63,0.21047,-0.086318,-0.19195
1,81,1,229,144.11,0.62043,-0.5175,0.34223
1,81,1,167,171.04,0.065221,0.046359,0.045876
1,81,1,144,163.28,0.36296,-0.17813,-0.31624
1,81,1,550,165.67,0.50702,-0.083505,-0.5001
1,81,1,328,160.41,0.75447,-0.20575,0.72588
1,81,1,322,167.75,0.55856,-0.3688,-0.4195
1,81,1,209,153.55,0.92899,-0.84439,-0.38733
1,81,1,173,138.75,1.3675,-1.3635,-0.10499
1,81,1,279,163.43,0.54064,-0.33427,0.42492
1,81,1,324,195.97,0.88834,0.8883,0.0079842
1,81,1,185,175.51,0.4282,0.42758,-0.02299
1,81,1,342,176.58,0.36617,0.19871,-0.30757
1,81,1,244,151.43,0.40403,-0.4037,-0.016215
1,81,1,129,152.24,0.81802,-0.81679,0.044736
1,81,1,94,165.17,NaN,NaN,1.0856
1,81,1,190,216.56,0.65384,-0.47819,0.44592
1,81,1,208,177.83,0.30166,0.28627,-0.095107
1,81,1,256,183.43,0.63287,0.37276,-0.51145
1,81,1,117,100.44,2.919,-2.8524,0.61995
1,81,2,34,113.42,4.4947,-4.4899,0.20841
1,81,1,225,132.21,1.699,-1.6773,0.27062
1,81,1,320,186.74,0.60204,0.59243,-0.10714
1,81,1,180,177,0.35132,0.25911,-0.23724
1,81,2,245,204.66,0.7604,0.46679,-0.60026
1,81,1,85,168.46,0.26956,-0.24805,-0.10551
1,81,1,230,188.82,0.70937,0.64996,-0.28418
1,81,1,268,200.57,1.4408,1.3906,0.37725
1,81,1,275,184.12,0.67611,0.48168,-0.47445
1,81,1,234,221.75,1.8622,1.862,-0.025316
1,81,1,414,176.53,0.59159,0.5903,0.039022
1,81,1,303,180.39,0.24306,0.1985,-0.14028
1,81,1,258,161.05,0.47788,-0.31588,0.3586
1,81,1,167,146.26,0.43853,-0.43799,-0.021839
1,81,1,221,162.99,0.38663,-0.18284,NaN
1,8,1,147,148.11,0.67104,-0.17969,0.64654
1,8,1,158,155.42,0.45916,-0.13905,0.4376
1,8,NaN,NaN,NaN,NaN,NaN,NaN
1,8,1,115,135.02,0.90079,-0.83063,0.34853
1,8,1,130,NaN,NaN,-0.55226,NaN
1,8,1,190,204.75,2.9048,1.982,2.1236
1,8,1,82,173.38,0.50206,0.43252,0.25494
1,8,1,94,166.26,0.32555,0.25536,0.20193
1,8,1,459,140.78,1.2185,-0.74606,0.96342
1,8,1,253,129.4,0.12596,-0.10507,0.069474
1,8,0,85,1007.9,11.46,-0.6409,-4.2525
1,8,1,124,157.18,0.65098,0.4491,-0.47126
1,8,1,48,160.41,0.41935,0.2565,-0.33176
1,8,1,186,147.79,0.66459,0.63624,0.19202
1,8,1,109,153.84,0.82943,0.072205,0.82628
1,8,1,414,143.95,0.29735,0.2875,0.075907
1,8,1,159,159.64,0.29988,0.29713,-0.04056
1,8,1,119,162.67,0.70057,0.66692,-0.21449
1,8,1,94,143.74,0.7054,-0.44421,-0.54797
1,8,1,83,136.98,0.77634,-0.50403,-0.59047
1,8,1,103,157.42,0.45062,0.34229,0.29307
1,8,1,110,140.5,0.69389,-0.44145,-0.53535
1,8,1,95,152.31,0.23589,-0.082835,-0.22087
1,8,1,150,142.01,0.75689,-0.57202,-0.49566
1,8,1,168,193.62,1.4254,-0.62914,1.279
1,8,1,71,NaN,0.17422,0.15501,-0.079532
1,8,1,87,136.5,0.93691,-0.62722,0.69598
1,8,1,8,105.27,1.6428,-1.6413,0.068957
1,8,1,106,151.45,0.35624,-0.23846,0.26466
1,8,1,92,NaN,0.20042,-0.023842,0.19899
1,8,1,93,NaN,0.29974,-0.24353,0.17475
1,8,1,188,1017.7,0.59158,-0.29512,NaN
1,8,1,60,124.35,1.3398,-1.2509,0.4799
1,8,1,95,147.05,0.46293,-0.42206,0.19019
1,8,1,72,145.05,0.65747,-0.60623,0.25444
1,8,1,33,1129.4,1.3423,-1.2858,0.38559
1,8,1,168,NaN,1.2791,-0.58974,1.135
1,90,1,354,169.43,2.3528,1.0629,2.0991
1,90,1,230,180.75,0.97811,0.83811,0.50426
1,90,1,147,145.96,0.50702,0.052509,0.50429
1,90,1,196,142.11,0.70949,-0.079229,0.70505
1,90,1,180,136.64,0.74486,-0.32353,0.67093
1,90,2,174,774.38,1.0847,-0.9177,0.57829
1,90,1,153,152.18,0.58151,-0.52688,0.24607
1,90,1,174,130.59,0.71239,-0.67768,-0.21966
1,90,1,182,131.55,0.59143,-0.4292,-0.40691
1,90,1,122,133.55,0.59864,-0.41322,-0.43315
1,90,1,260,191.67,0.96627,0.96428,0.0621
1,90,1,105,151.71,0.039993,0.025254,-0.03101
1,90,1,194,141.44,0.32191,-0.084307,0.31067
1,90,1,178,160.9,0.50184,0.46446,-0.19005
1,90,1,153,NaN,0.95021,-0.081555,0.94671
1,90,1,167,145.66,0.3924,-0.26594,-0.28854
1,90,1,131,160.3,0.29406,0.19767,-0.21771
1,90,1,176,145.17,0.57081,0.20835,0.53143
1,90,1,185,161.16,0.65197,0.63639,0.14165
1,90,1,104,136.44,0.22069,-0.089016,0.20194
1,90,1,59,834.78,0.45766,-0.38574,0.24629
1,90,1,100,88.555,0.86224,-0.075259,0.85895
1,90,1,226,147.73,0.61487,0.24812,0.56258
1,90,1,87,138.28,0.55495,0.0056855,0.55492
1,90,1,116,194.96,1.8967,1.7464,0.74
1,90,1,247,123.39,0.71185,-0.57611,0.41812
1,90,1,195,183.21,0.90175,0.87343,0.22421
1,90,1,150,167.12,0.44326,0.43842,0.065324
1,90,1,64,128.06,0.89458,-0.62816,0.63694
1,90,1,135,166.93,0.39442,0.23283,0.31837
1,90,1,220,170.84,0.84576,0.33211,0.77782
1,90,1,111,182.97,1.1548,1.1352,0.21142
1,90,1,NaN,178.08,0.94961,0.82411,0.47181
1,90,1,106,148.22,0.18756,0.073364,0.17262
1,90,1,79,181.07,0.93564,0.87704,0.32592
1,90,1,78,145.28,0.34911,0.17965,0.29934
1,90,1,88,136.47,0.24712,-0.24108,0.054312
1,13,1,278,191.07,1.5445,1.411,0.6283
1,13,1,446,192.22,0.38456,-0.048516,0.38149
1,13,1,144,198.44,0.31231,0.043832,-0.30922
1,13,1,168,154.93,0.57564,-0.056698,0.57284
1,13,1,195,75.257,1.123,-0.85267,0.73087
1,13,1,148,162.26,0.92504,-0.6358,NaN
1,13,2,303,116.5,0.16109,0.13517,-0.087632
1,13,1,350,112.08,0.33156,-0.07444,0.32309
1,13,1,247,83.837,0.047441,-0.024825,0.040427
1,13,1,NaN,131.79,NaN,NaN,-0.16529
1,13,1,249,99.966,0.13643,-0.1177,-0.06899
1,13,1,30,118.75,3.1018,-1.0049,2.9345
1,13,1,NaN,172.81,0.74006,0.6442,0.36428
1,13,1,192,150.91,0.16031,0.15844,-0.024393
1,13,1,288,110.61,0.10781,-0.078754,-0.073625
1,13,0,609,NaN,6.0378,-5.314,-0.9101
1,13,1,233,43.738,NaN,-0.34203,NaN
1,13,1,413,137.02,1.4865,1.4757,0.17826
1,13,NaN,468,88.523,NaN,NaN,NaN
1,13,1,396,145.67,0.6541,-0.57536,-0.31115
1,13,1,125,137.55,0.14652,0.14603,NaN
1,13,1,130,934.43,0.47555,0.090715,0.46682
1,13,1,190,163.91,0.87491,0.72392,0.49133
1,13,0,387,186.83,7.8834,0.47695,7.8689
1,13,1,238,151.72,0.95468,0.95459,-0.012924
1,13,1,181,41.098,1.938,-1.9142,-0.30249
1,13,2,NaN,179.8,2.3235,2.2753,0.47095
1,13,2,6,51.745,2.6544,-1.3221,2.3017
1,13,2,415,37.575,1.3503,-1.1941,-0.63049
1,13,1,316,85.862,1.8084,-0.0433,1.8079
1,13,1,300,NaN,0.13676,0.13391,-0.027736
1,13,1,318,82.606,0.79821,-0.78612,-0.13843
1,13,NaN,569,60.203,NaN,NaN,NaN
1,58,NaN,NaN,NaN,NaN,NaN,NaN
1,58,1,102,167.32,0.22794,-0.22075,-0.056772
1,58,1,108,181.59,0.25248,0.17403,-0.18293
1,58,1,18,181.98,1.9002,-1.9002,-0.0089949
1,58,1,36,1022.3,0.53344,-0.53003,-0.060298
1,58,1,62,184.37,0.32209,0.083428,-0.3111
1,58,1,102,164.82,0.23274,0.21155,-0.097041
1,58,1,56,176.22,0.30603,-0.27506,-0.13415
1,58,1,65,191.69,0.52274,0.50515,0.13448
1,58,1,176,187.78,0.50283,0.41514,-0.28371
1,58,1,118,157.26,0.53919,-0.52937,-0.10244
1,58,1,42,NaN,1.0455,-1.0452,0.026563
1,58,1,50,175.28,0.43594,-0.41231,-0.14158
1,58,1,164,186.89,0.51193,0.47649,0.18717
1,58,1,61,136.5,1.3718,-1.3672,-0.11208
1,58,1,333,181.36,0.50985,0.50587,-0.063539
1,58,1,231,NaN,0.35292,-0.35283,0.0078119
1,58,1,143,164.9,0.11884,0.11884,0.00035965
1,58,1,22,1074.5,1.6316,-1.6315,-0.023728
1,58,1,157,NaN,0.34862,0.21237,-0.27647
1,58,1,59,166.73,0.55445,-0.55375,0.027904
1,58,1,82,189.56,0.51638,0.41866,-0.30229
1,58,1,137,176.47,0.2541,-0.066303,-0.2453
1,58,1,82,967.74,0.5553,-0.50764,-0.22507
1,58,1,55,NaN,0.66136,-0.66132,0.006486
1,58,1,NaN,125.95,0.3073,-0.289,-0.10444
1,58,1,138,841.15,0.50185,-0.036359,0.50053
1,58,1,39,191.98,0.48247,-0.48019,-0.046896
1,58,1,74,145.08,0.26547,-0.21693,-0.15303
1,58,1,118,NaN,0.48588,-0.45902,0.15932
1,58,1,244,NaN,0.4828,-0.0056436,-0.48277
1,58,1,154,726.13,0.16858,0.10654,0.13065
1,58,1,482,183.73,0.30044,0.29266,-0.06794
1,58,1,100,185.02,0.4125,0.15804,-0.38103
1,58,1,137,121.62,0.30966,-0.1921,0.24287
1,58,1,130,135.33,0.22278,-0.028015,-0.22102
1,58,1,127,853.22,0.074939,-0.050386,0.055472
1,58,1,165,968.5,0.2025,0.087608,0.18257
1,77,1,114,186.02,0.41856,0.41019,-0.083287
1,77,1,73,182.12,0.45316,0.45175,-0.035758
1,77,1,118,204.56,1.1337,1.1337,0.0022303
1,77,1,91,190.24,0.73608,0.73344,0.062315
1,77,1,135,189.57,0.54479,0.53539,0.10074
1,77,1,106,197.29,0.81497,0.79625,-0.1737
1,77,1,155,194.72,0.55492,0.53807,-0.13572
1,77,1,63,157.15,0.61155,-0.61022,0.040335
1,77,1,135,182.41,0.20144,0.20144,0.00034008
1,77,1,214,189.08,0.49194,0.49192,0.0039081
1,77,1,110,183.77,0.52109,0.41821,-0.31086
1,77,1,151,168.92,0.17495,-0.085225,-0.15279
1,77,1,226,187.83,0.7171,0.68577,-0.20965
1,77,1,81,176.96,0.37158,0.35868,-0.097058
1,77,1,80,128.95,0.22799,0.20123,-0.10718
1,77,1,62,188.57,0.64985,0.64847,0.042372
1,77,1,92,133.13,0.18329,0.17859,-0.041262
1,77,1,78,136.71,0.4364,0.37174,-0.22859
1,77,1,236,172.25,0.2212,-0.17569,-0.1344
1,77,1,192,192.15,1.0032,0.99752,-0.10671
1,77,1,75,187.2,0.62097,0.62092,-0.0073537
1,77,1,72,170.94,NaN,NaN,-0.027457
1,77,1,145,NaN,0.07671,0.067979,-0.035543
1,77,1,251,NaN,0.45655,0.45151,-0.067679
1,77,1,150,140.75,0.25686,0.17417,-0.18878
1,77,1,133,184.55,0.4204,0.42035,-0.0064541
1,77,1,62,168.03,0.20914,-0.18571,-0.096189
1,77,1,89,169.56,0.1446,0.12366,0.074955
1,77,1,140,149.78,0.23006,0.20602,0.1024
1,77,1,112,697.85,0.20829,0.18481,0.096073
1,77,2,172,796.2,4.9842,-4.7386,-1.5453
1,77,1,121,185.88,0.42243,0.41038,0.10018
1,77,1,134,166.48,0.077144,0.031215,-0.070546
1,77,1,99,167.31,0.12278,-0.028731,0.11937
1,77,1,68,196.7,1.0424,1.0128,-0.24673
1,77,1,173,183.37,0.3265,0.32544,0.026225
1,77,1,85,156,0.68817,-0.65612,0.20756
1,77,1,138,170.5,0.24664,-0.24518,-0.026744
1,77,1,71,193.62,0.5982,0.5973,0.032767
1,96,1,187,181.39,0.47235,0.3997,0.25171
1,96,1,197,202.03,0.91124,0.90045,0.1398
1,96,1,179,191.3,0.474,0.43982,-0.17674
1,96,1,126,156.19,0.52221,0.52083,0.037989
1,96,1,188,186.8,0.51738,0.51729,-0.00991
1,96,1,175,194.17,0.56443,0.56151,0.057313
1,96,1,256,192.27,0.37017,0.24537,0.27717
1,96,1,101,185.34,0.41564,0.20618,-0.36089
1,96,1,265,192.98,0.56011,0.54138,-0.14363
1,96,1,265,197.27,0.79451,0.58111,-0.54181
1,96,1,187,189.36,0.91408,0.89046,0.20643
1,96,1,99,172.05,0.22565,-0.12998,-0.18445
1,96,1,125,193.88,0.65749,0.642,-0.14186
1,96,1,166,196.9,0.82963,0.77891,-0.28563
1,96,1,156,197.73,0.91806,0.68182,0.61478
1,96,1,125,198.34,0.97912,0.8956,-0.39569
1,96,1,77,202.42,1.176,0.96308,0.67491
1,96,1,138,210.63,1.1975,1.0399,0.59369
1,96,1,92,221.16,1.8035,1.552,0.9187
1,96,1,166,207.13,1.3745,1.2216,-0.63019
1,96,1,135,175.44,0.57196,0.25387,0.51253
1,96,1,96,181.58,0.82686,0.58187,-0.58747
1,96,1,119,190.03,1.0692,0.78371,-0.72726
1,96,1,215,206.05,1.7513,1.4219,-1.0223
1,96,1,106,164.06,0.58266,-0.14637,-0.56398
1,96,1,204,208.38,1.536,-1.018,-1.1502
1,96,1,84,187.5,1.227,0.73461,-0.98284
1,96,1,337,199.05,1.1158,0.93196,0.61363
1,96,1,151,217.58,1.8575,1.6245,-0.90068
1,96,1,187,198.39,0.94409,0.82279,0.46295
1,96,1,77,175.78,0.45919,0.22914,-0.39793
1,96,1,152,193.22,1.1081,0.72572,0.8374
1,96,1,114,182.64,0.43459,0.32306,0.29069
1,96,1,103,187.58,0.51656,0.47736,0.19739
1,96,1,122,201.55,1.6325,1.2613,-1.0364
1,96,1,137,197.44,0.88673,0.87225,-0.15963
1,96,1,109,207.25,1.2097,1.1526,0.36696
1,96,1,90,176.64,0.3094,0.17761,0.25334
1,96,1,74,187.75,0.6216,0.39068,0.48349
1,96,1,163,202.58,1.1396,0.84329,0.76658
1,6,1,110,162.67,0.19621,0.18798,-0.056239
1,6,NaN,NaN,NaN,NaN,NaN,NaN
1,6,NaN,NaN,NaN,NaN,NaN,NaN
1,6,1,100,116.37,0.70568,-0.70509,0.028704
1,6,1,327,155.77,0.12703,0.065261,-0.10898
1,6,1,170,183.38,1.0589,0.70839,0.78704
1,6,1,135,174.28,0.37716,0.30519,0.22161
1,6,1,242,169.38,0.39106,0.36803,0.13222
1,6,1,215,176.74,0.59696,0.51622,0.29979
1,6,1,86,147.21,0.2958,-0.26836,0.12442
1,6,NaN,NaN,NaN,NaN,NaN,NaN
1,6,1,153,192.7,1.2017,1.1766,-0.24391
1,6,1,239,145.3,0.3759,-0.35937,0.11026
1,6,1,106,95.208,1.0668,-1.0096,0.34453
1,6,1,253,167.58,0.26708,0.2505,0.092646
1,6,1,183,152.06,0.44352,-0.44003,0.055527
1,6,1,187,171.21,0.50128,0.4403,0.23961
1,6,1,269,155.75,0.13572,-0.12571,0.05114
1,6,1,108,161.86,0.22127,0.19101,-0.11168
1,6,1,105,142.07,0.43575,-0.43484,-0.028106
1,6,1,200,147.6,0.40213,-0.31714,-0.24725
1,6,1,171,148.28,0.37846,-0.30731,-0.22088
1,6,1,129,136.45,0.76707,-0.65389,-0.40103
1,6,1,76,141.41,0.44978,-0.40357,-0.19858
1,6,1,144,169.73,0.44672,0.25215,0.36875
1,6,1,166,151.79,0.085736,-0.084834,0.012403
1,6,1,90,162.27,0.28949,0.27905,-0.077035
1,6,1,137,163.07,0.23333,-0.058072,0.22599
1,6,1,174,168.57,0.29709,0.29702,0.0063652
1,6,1,103,139.61,0.8329,-0.82815,0.08881
1,6,1,77,130.03,0.42412,0.37759,-0.19315
1,6,1,NaN,139.77,0.27786,0.2308,0.15471
1,6,1,196,168.19,0.54504,0.31391,0.44557
1,6,1,249,170.74,0.38609,0.23013,0.31
1,6,1,283,226.85,2.8458,2.8449,0.069901
1,6,1,155,160.28,0.31541,-0.3123,0.044181
1,6,1,284,197.38,0.22125,0.22101,-0.010302
1,29,1,352,165.48,0.46741,0.45742,0.09615
1,29,1,94,148.74,0.40068,-0.39587,0.061903
1,29,1,200,147.53,0.2417,-0.23982,0.030073
1,29,1,249,146.98,0.35532,-0.33325,0.12326
1,29,1,492,172.16,0.66079,0.59226,0.29305
1,29,1,210,170.05,0.31862,0.27907,0.15375
1,29,1,276,157.38,0.20724,0.095406,0.18398
1,29,1,173,156.5,0.2819,-0.24269,0.14342
1,29,1,228,179.37,0.67922,0.62769,0.25953
1,29,1,136,154.46,NaN,NaN,0.61791
1,29,1,110,142.71,0.77261,-0.76879,-0.076704
1,29,1,346,153,0.25132,-0.22289,0.11612
1,29,1,170,157.35,0.3456,-0.2629,0.22432
1,29,1,194,157.25,0.36687,-0.22388,0.29063
1,29,1,173,178.79,0.89713,0.89708,0.0085543
1,29,1,119,141.91,0.64012,-0.60947,0.1957
1,29,1,186,151.41,0.44156,-0.43366,0.083183
1,29,1,76,145.18,0.4609,-0.45995,-0.029568
1,29,1,112,162.9,0.070529,0.049389,0.050349
1,29,1,47,146.61,0.99551,-0.97898,0.1807
1,29,1,67,159.66,0.085321,-0.07435,0.041852
1,29,2,12,285.69,4.6489,4.6486,-0.0568
1,29,1,187,171.29,0.56742,0.56087,-0.085979
1,29,1,195,187.11,1.3186,1.3142,-0.10831
1,29,1,98,135.1,0.83037,-0.83007,0.022456
1,29,1,211,142.87,0.61324,-0.58428,0.18622
1,29,1,118,163.13,0.49379,0.44386,0.21639
1,29,1,245,116.02,0.20865,0.14819,0.14689
1,29,1,235,161.98,0.27774,0.23186,-0.1529
1,29,1,62,155.12,0.16929,-0.16576,0.034374
1,29,1,183,157.62,NaN,NaN,0.023519
1,29,1,88,142.45,0.48707,-0.45708,0.16826
1,29,1,387,160.58,0.1073,0.099166,0.040984
1,29,1,135,146.98,0.3601,-0.27239,0.23554
1,29,1,121,144.72,0.50014,-0.48827,0.10831
1,29,1,169,167.11,0.53787,0.50699,0.17965
1,29,1,188,165.03,0.53655,0.519,0.13611
1,29,1,82,142.6,0.59383,-0.59382,0.0037768
1,29,1,133,155.87,0.35268,0.086123,0.342
1,29,1,43,148.87,0.83245,-0.832,0.02746
1,52,NaN,NaN,NaN,NaN,NaN,NaN
1,52,1,116,178.69,0.98385,-0.48775,0.85443
1,52,1,253,154.51,NaN,NaN,0.56051
1,52,1,140,44.776,4.1105,-4.0876,0.43321
1,52,1,119,174.42,0.36351,-0.30684,0.19491
1,52,1,55,169.58,0.58823,-0.57494,0.12436
1,52,1,119,167.56,0.96306,0.24166,0.93224
1,52,1,93,160.28,0.48357,-0.48036,0.055638
1,52,1,118,210.13,1.5709,0.55121,1.471
1,52,1,62,195.07,1.3017,0.71959,1.0847
1,52,1,96,191.1,1.2295,0.96003,0.76815
1,52,1,56,173.88,0.022813,-0.0099244,0.020541
1,52,1,62,186.62,1.6029,1.0426,1.2174
1,52,NaN,NaN,NaN,NaN,NaN,NaN
1,52,1,111,155.67,0.1966,-0.029294,0.19441
1,52,1,166,292.31,0.33381,-0.32337,0.082841
1,52,0,321,190.93,7.6909,7.6403,0.88121
1,52,1,48,159.72,0.54983,-0.53092,0.14295
1,52,1,73,192.12,1.9896,1.4554,1.3565
1,52,2,53,NaN,1.4538,0.74171,1.2504
1,52,1,92,175.99,1.1374,0.73546,0.86762
1,52,1,77,174.16,1.0509,0.51635,0.91535
1,52,1,67,NaN,NaN,NaN,1.0922
1,52,1,36,193.44,1.0918,-0.042583,1.091
1,52,1,118,147.99,0.66705,0.66508,0.051214
1,52,1,30,189.27,0.90292,0.21864,0.87604
1,52,1,106,127.2,0.32527,-0.26699,-0.18579
1,52,1,68,158.73,1.0601,0.15888,1.0481
1,52,1,67,169.16,0.80299,0.80224,-0.034691
1,52,1,161,122.31,0.53689,-0.51126,-0.16392
1,52,1,94,187.21,0.61882,0.35705,-0.50543
1,52,1,49,791.55,1.4578,0.29702,1.4272
1,52,1,55,NaN,0.4569,0.44698,-0.094717
1,52,1,115,130.22,0.16831,-0.16705,0.020619
1,52,1,24,932.71,1.6216,-1.2577,-1.0236
1,52,1,56,154.14,0.52441,-0.47404,0.22424
1,85,1,198,31.539,4.5761,-4.5743,0.13133
1,85,2,55,253.26,2.5293,2.4171,0.74495
1,85,1,199,142.92,0.52256,-0.47028,0.22783
1,85,1,60,128.97,0.60617,-0.59672,0.10663
1,85,1,89,108.41,0.50021,-0.47822,0.14668
1,85,1,100,141.17,0.59757,-0.28002,-0.5279
1,85,1,132,128.74,1.0598,-1.0166,-0.29934
1,85,1,121,91.433,0.39842,-0.3941,-0.058544
1,85,1,144,1049.2,1.6259,-1.5534,0.4803
1,85,1,94,114.88,1.1473,-1.1377,0.14841
1,85,1,126,100.32,0.18115,-0.17927,-0.026033
1,85,1,157,124.57,0.90629,-0.89898,0.11492
1,85,1,67,129.17,0.67013,-0.65952,0.11874
1,85,1,236,132.25,0.44842,-0.40725,0.1877
1,85,1,95,101.99,NaN,NaN,-0.21957
1,85,1,197,118.23,0.90942,-0.88922,-0.19061
1,85,1,186,117.86,0.2342,-0.20173,-0.11896
1,85,1,99,186.32,1.5129,1.5126,-0.033087
1,85,1,98,118.31,1.0734,-1.0637,0.14375
1,85,1,103,133.66,0.35028,-0.24684,-0.24853
1,85,1,79,132.14,0.72606,-0.72572,-0.022204
1,85,1,69,120.96,0.83724,-0.82409,-0.14783
1,85,1,83,153.65,0.70814,0.70808,0.0086708
1,85,1,95,112.63,1.0654,-1.0654,0.0028245
1,85,1,135,105.57,0.35054,-0.28567,0.20315
1,85,1,102,122.71,0.90835,-0.90681,0.052896
1,85,1,301,129.49,0.54576,-0.5133,0.18541
1,85,1,147,145.45,0.10814,-0.1068,-0.016962
1,85,1,289,42.509,4.3211,-4.3152,0.22535
1,85,1,115,104.47,0.535,-0.48923,0.21651
1,85,1,49,123.02,1.1176,-1.1017,-0.18792
1,85,1,231,117.95,1.2459,-1.1792,0.40221
1,85,1,145,123.06,0.24856,-0.21668,-0.12179
1,85,1,132,118.24,0.35751,0.27153,-0.23256
1,85,1,80,105.67,0.24795,-0.13497,0.20799
1,85,1,67,123.05,0.9191,-0.9189,0.018807
1,85,1,79,112.5,0.76703,-0.7441,-0.18618
1,85,1,119,82.903,0.51968,-0.51649,0.057506
1,85,1,69,122.61,0.57751,-0.57649,-0.034306
1,85,1,86,117.06,0.7735,-0.73821,-0.23096
1,87,1,330,170.64,0.28463,0.27516,0.072843
1,87,1,252,174.72,0.40323,0.29431,-0.27563
1,87,1,247,163.91,0.3185,0.21648,0.23362
1,87,1,187,189.9,0.35141,-0.10011,0.33685
1,87,1,268,175.39,0.26654,0.18312,-0.19367
1,87,1,155,156.29,0.54472,-0.46922,0.27669
1,87,1,244,162.45,0.081401,-0.011843,0.080535
1,87,1,247,160.6,0.36004,-0.35989,0.010457
1,87,1,149,178.68,0.7716,0.39219,-0.66449
1,87,1,340,168.49,0.29785,0.0066362,-0.29778
1,87,1,207,177.47,0.52541,0.44903,-0.27282
1,87,1,143,168.42,0.29613,0.29576,0.01479
1,87,1,222,180.31,0.24519,-0.10021,0.22378
1,87,1,224,174.68,0.18428,0.089615,-0.16102
1,87,1,195,166.61,0.3664,-0.36536,-0.027535
1,87,1,199,199.71,0.42255,0.061738,0.41801
1,87,1,211,159.99,0.44166,-0.44019,0.035958
1,87,1,212,164.35,0.020903,0.019488,-0.0075624
1,87,1,209,175.71,0.34241,-0.34226,-0.010081
1,87,1,153,183.25,0.57905,0.56879,-0.10854
1,87,1,86,155.73,0.5341,-0.39786,0.35632
1,87,1,96,176.19,0.6802,0.5945,0.33051
1,87,1,182,190.07,NaN,NaN,0.41893
1,87,1,265,183.56,0.38702,0.30265,-0.24122
1,87,1,297,176.79,0.12055,0.11706,-0.028798
1,87,1,231,NaN,1.2953,1.2656,-0.27576
1,87,1,184,181.04,0.50434,0.35355,-0.35967
1,87,1,186,165.18,0.51217,-0.21679,-0.46403
1,87,1,144,183.41,0.53885,0.30493,-0.44427
1,87,1,127,172.62,0.57242,0.32842,0.46883
1,87,1,102,188.15,0.56454,-0.49834,0.26525
1,87,1,126,188.43,0.42544,-0.30071,0.30096
1,87,1,334,172.05,0.53302,0.3135,0.43108
1,87,1,174,176.37,0.50178,0.48214,0.13901
1,87,1,124,186.08,0.70578,0.66287,-0.24235
1,87,1,167,178.11,0.45279,0.37712,0.25061
1,87,0,24,60.628,7.2243,-4.0585,-0.016217
1,87,1,224,718.07,0.22767,-0.12393,-0.19098
1,87,1,122,162.58,0.56328,0.061395,0.55992
1,87,1,101,168.78,0.62956,0.11098,0.6197
1,3,1,156,159.32,0.45137,0.068027,-0.44621
1,3,1,133,148.85,0.28343,-0.18282,-0.21659
1,3,1,112,166.13,0.38639,0.32125,-0.21469
1,3,1,107,160.8,0.28109,0.019583,-0.2804
1,3,1,102,160.06,0.7602,-0.055993,-0.75814
1,3,1,102,147.82,0.47016,0.46529,0.067478
1,3,1,115,162.91,0.33485,0.27419,-0.19222
1,3,1,100,142.56,0.69765,0.67706,-0.16824
1,3,1,202,208.69,2.1947,2.1661,-0.35335
1,3,1,103,177.96,1.1066,0.73662,-0.82586
1,3,1,255,182.91,1.0611,1.0045,-0.3417
1,3,1,115,166.9,0.75594,0.67689,-0.33657
1,3,1,99,162.42,0.50116,0.36378,-0.34471
1,3,1,90,160.24,0.76479,0.030198,-0.7642
1,3,1,257,145.32,0.68854,-0.6767,-0.12716
1,3,1,157,150.18,0.64006,-0.014107,-0.63991
1,3,1,274,186.77,0.94068,0.85481,-0.39266
1,3,1,102,141.55,0.34551,0.23821,-0.25027
1,3,1,130,159.95,0.046202,0.035407,0.029681
1,3,1,205,162.11,0.7823,0.6245,-0.47116
1,3,1,78,151.65,0.41107,-0.20671,-0.35531
1,3,1,74,151.62,0.60455,-0.30834,-0.52
1,3,1,69,158.82,0.47975,-0.011814,-0.4796
1,3,1,104,146.36,0.61735,-0.55946,-0.261
1,3,1,89,143.08,0.6586,-0.56594,-0.33685
1,3,1,87,147.39,0.39105,-0.33304,-0.20494
1,3,1,159,104.18,2.2697,-2.2311,-0.41646
1,3,1,110,173.03,0.55074,0.37231,0.40584
1,3,NaN,NaN,NaN,NaN,NaN,NaN
1,3,1,242,141.78,0.56946,0.56526,0.069029
1,3,1,118,152.84,0.48064,-0.0059199,-0.4806
1,3,1,177,160.71,0.18093,-0.12836,-0.12752
1,3,1,126,140.63,0.23539,0.12548,-0.19916
1,3,1,87,157.83,0.10776,-0.10665,0.01541
1,3,1,103,147.55,0.54175,-0.25306,-0.47901
1,3,1,120,148.99,0.29334,-0.15974,0.24603
1,3,1,85,158.1,0.22029,-0.22021,0.0059643
1,3,1,168,210.83,2.5326,2.3444,0.95806
1,3,1,59,161.17,0.3307,-0.041332,-0.32811
1,3,1,114,166.74,0.21538,0.17941,-0.11918
1,30,1,121,169.73,0.35483,0.20153,0.29205
1,30,1,89,161.61,0.27416,0.23148,0.14691
1,30,1,111,123.63,0.32164,0.32162,-0.0036115
1,30,1,67,163.02,0.34686,0.27973,0.20508
1,30,1,59,166.41,0.245,-0.037304,0.24214
1,30,1,248,178.75,0.93123,0.74561,0.55791
1,30,1,126,184.51,0.56984,0.54046,0.18061
1,30,1,125,162.44,0.2001,0.067201,0.18848
1,30,1,208,157.57,0.29377,0.10539,0.27421
1,30,1,180,180.45,0.41024,-0.40227,0.080495
1,30,1,101,121.48,0.95106,-0.95007,-0.043391
1,30,1,61,131.53,1.1331,-1.1312,0.06491
1,30,1,91,125.16,0.36661,-0.20963,0.30076
1,30,1,123,175.74,0.674,0.45004,0.50173
1,30,1,128,145.26,0.36783,-0.3659,0.037617
1,30,1,80,119.41,0.70585,0.63565,0.30689
1,30,1,166,172.07,0.3649,0.089793,0.35368
1,30,1,192,181.13,0.73694,0.41539,0.60871
1,30,1,130,158.9,0.12333,0.10934,-0.057046
1,30,1,111,181.33,1.1382,0.96115,0.60972
1,30,1,155,123.68,0.98997,-0.97275,-0.18382
1,30,1,381,178.1,0.12938,0.063633,0.11265
1,30,1,179,153.51,0.15423,-0.051262,0.14546
1,30,1,244,161.11,0.22422,0.096673,0.2023
1,30,1,140,142.09,0.63481,-0.62761,-0.09533
1,30,1,137,86.16,0.52516,0.10365,-0.51483
1,30,1,98,152.46,0.70356,0.45094,0.54004
1,30,1,63,162.02,0.16241,0.068,0.14749
1,30,1,230,178.6,0.8015,0.37864,0.70642
1,30,1,152,161.83,0.40848,0.3952,-0.10332
1,30,1,171,148.44,0.5868,0.31447,0.49542
1,30,1,329,182.34,0.73149,0.43241,0.59001
1,30,1,191,176.85,0.38902,0.18569,0.34184
1,30,1,183,125.73,0.35811,-0.043875,-0.35541
1,30,1,244,176.4,1.3234,1.0305,0.8303
1,30,1,225,175.63,0.20784,0.10888,0.17704
1,30,1,258,209.17,0.92271,0.92268,-0.0078953
1,30,1,71,157.33,0.61241,0.1706,0.58816
1,30,2,48,127.45,1.327,1.0417,0.82198
